-- phpMyAdmin SQL Dump
-- version 4.9.2
-- https://www.phpmyadmin.net/
--
-- Host: 127.0.0.1
-- Generation Time: Feb 10, 2022 at 07:14 PM
-- Server version: 10.4.10-MariaDB
-- PHP Version: 7.3.12

SET SQL_MODE = "NO_AUTO_VALUE_ON_ZERO";
SET AUTOCOMMIT = 0;
START TRANSACTION;
SET time_zone = "+00:00";


/*!40101 SET @OLD_CHARACTER_SET_CLIENT=@@CHARACTER_SET_CLIENT */;
/*!40101 SET @OLD_CHARACTER_SET_RESULTS=@@CHARACTER_SET_RESULTS */;
/*!40101 SET @OLD_COLLATION_CONNECTION=@@COLLATION_CONNECTION */;
/*!40101 SET NAMES utf8mb4 */;

--
-- Database: `billmanager`
--

-- --------------------------------------------------------

--
-- Table structure for table `customers`
--

CREATE TABLE `customers` (
  `cus_id` int(11) NOT NULL,
  `cus_name` varchar(30) NOT NULL,
  `mobile_no` varchar(15) DEFAULT NULL,
  `email` varchar(30) DEFAULT NULL,
  `address` varchar(50) DEFAULT NULL,
  `gstin` varchar(20) DEFAULT NULL
) ENGINE=InnoDB DEFAULT CHARSET=utf8mb4;

--
-- Dumping data for table `customers`
--

INSERT INTO `customers` (`cus_id`, `cus_name`, `mobile_no`, `email`, `address`, `gstin`) VALUES
(1, 'Cash', NULL, NULL, NULL, NULL),
(2, 'RUPESH NAGENDAR RAI', NULL, NULL, NULL, NULL),
(3, 'VINAYAK VIJAY PATIL', NULL, NULL, NULL, NULL),
(4, 'SWAPNIL VIJAY GIRKAR', NULL, NULL, NULL, NULL),
(5, 'WAGHELA DIGAMBAR CHANNULAL', NULL, NULL, NULL, NULL),
(7, 'SHRIPAD SHILPA LALE', NULL, NULL, NULL, NULL),
(8, 'Miss NAMRATA ANANDRAO INGLE', NULL, NULL, NULL, NULL),
(9, 'ARAVIND RAJARAMAN', NULL, NULL, NULL, NULL),
(11, 'SWAPNIL DILIP MAHAMUNI', NULL, NULL, NULL, NULL),
(12, 'RAMVILAS RAMBAROS BAGMARE', NULL, NULL, NULL, NULL),
(13, 'HITESH VIJAY MHATRE', NULL, NULL, NULL, NULL),
(14, 'YOGESH NAVNATH KADAM', NULL, NULL, NULL, NULL),
(15, 'TANISHA INTERIOR DECORATORS', NULL, NULL, NULL, NULL),
(16, 'BAINATH SWAIN', NULL, NULL, NULL, NULL),
(17, 'MANJIRI RAVINDRA TAWADE', NULL, NULL, NULL, NULL),
(18, 'MRUNAAL UMESH DESAI', NULL, NULL, NULL, NULL),
(19, 'HARSH JAYESH GAONKAR', NULL, NULL, NULL, NULL),
(20, 'SAGAR GOVIND SAVARDEKAR', NULL, NULL, NULL, NULL),
(21, 'AMOL MAHADEV JADHAV', NULL, NULL, NULL, NULL),
(22, 'SATYAN RAJENDRA BENDKE', NULL, NULL, NULL, NULL),
(23, 'NANDU GOVIND BHOIR', NULL, NULL, NULL, NULL),
(24, 'SINGH HEMANTKUMAR M', NULL, NULL, NULL, NULL),
(25, 'SATTVASHEELA JAIENDRA JAGTAP', NULL, NULL, NULL, NULL),
(26, 'BALWANT NAMDEO KAMBLE', NULL, NULL, NULL, NULL),
(32, 'NITIN ATMARAM BHOSALE', NULL, NULL, NULL, NULL),
(33, 'Kan Sing', NULL, NULL, NULL, NULL),
(34, 'SWATI VAIBHAV TATKARE', NULL, NULL, NULL, NULL),
(35, 'JADHAV AJINKYA SUDHAKAR', NULL, NULL, NULL, NULL),
(36, 'Mr RAMCHANDRA PANDURANG MALI', NULL, NULL, NULL, NULL),
(37, 'AJAY RAJAN VELHAL', NULL, NULL, NULL, NULL),
(38, 'Mr HANMANT GANESH PAWAR', NULL, NULL, NULL, NULL),
(39, 'YOGESH RAJESH DUBEY', NULL, NULL, NULL, NULL),
(40, 'Mr PRATHAMESH  VITHAL KELUSAKA', NULL, NULL, NULL, NULL),
(41, 'RAILKAR SHIRISH VASANT', NULL, NULL, NULL, NULL),
(42, 'TRUSHALI VIJAY BIRJE', NULL, NULL, NULL, NULL),
(44, 'AMOL ARUN PANDAV', NULL, NULL, NULL, NULL),
(45, 'VAMAN ATMARAM DALVI', NULL, NULL, NULL, NULL),
(46, 'MORE DEEPA VILAS', NULL, NULL, NULL, NULL),
(47, 'MAHENDRA HARI KHATATE', NULL, NULL, NULL, NULL),
(48, 'SHRIYA SANDIP MOHIDEKAR', NULL, NULL, NULL, NULL),
(49, 'Mr VISHAL WAMAN KHACHANE', NULL, NULL, NULL, NULL),
(50, 'JITENDRA BABAN KHETLE', NULL, NULL, NULL, NULL),
(51, 'PRATHAMESH VIVEKANAND HANKARE', NULL, NULL, NULL, NULL),
(52, 'KAMAT VAIBHAV VASANT', NULL, NULL, NULL, NULL),
(53, 'SRL Diagnostic Pvt ltd', NULL, NULL, NULL, NULL),
(54, 'CHIRAG HARISH ASODEKAR', NULL, NULL, NULL, NULL),
(55, 'ROHINI SHIVAJI BAMBLE', NULL, NULL, NULL, NULL),
(56, 'Avinash Shrikant Lohar', NULL, NULL, NULL, NULL),
(57, 'Mr JADHAV RAHUL GULABRAO', NULL, NULL, NULL, NULL),
(58, 'PRAVIN VIJAY ATHAVLE', NULL, NULL, NULL, NULL),
(59, 'RIYA RAHUL VIBHANDIK', NULL, NULL, NULL, NULL),
(60, 'VIJAY P BHALERAO', NULL, NULL, NULL, NULL),
(61, 'UDAY CHANDRAKANT SHINDE', NULL, NULL, NULL, NULL),
(62, 'SEJAL NILESH BHOSLE', NULL, NULL, NULL, NULL),
(63, 'DEVLEKAR NILESH SUDHAKAR', NULL, NULL, NULL, NULL),
(64, 'SANDEEP JAYRAM DUDAVADKAR', NULL, NULL, NULL, NULL),
(65, 'Mr TUSHAR BINDUKUMAR PATIL', NULL, NULL, NULL, NULL),
(66, 'TUSHAR MADHUKAR PAWAR', NULL, NULL, NULL, NULL),
(67, 'JAINA NILESH ACHARYA', NULL, NULL, NULL, NULL),
(68, 'SHRUTI GURUPRASAD KOWSHIK', NULL, NULL, NULL, NULL),
(69, 'VIJAY SHIVRAM CHAVAN', NULL, NULL, NULL, NULL),
(70, 'MITA PRASHANT MORE', NULL, NULL, NULL, NULL),
(71, 'PARAB ARCHANA ARUN', NULL, NULL, NULL, NULL),
(72, 'SANTOSH LILADHAR KILLEKAR', NULL, NULL, NULL, NULL),
(73, 'PRASHANT C MENON', NULL, NULL, NULL, NULL),
(74, 'SACHIN BABAN SANAS', NULL, NULL, NULL, NULL),
(75, 'ASHIRWAD VINOD SINGH', NULL, NULL, NULL, NULL),
(76, 'PAWAN SHETTY', NULL, NULL, NULL, NULL),
(77, 'KULKARNI VARAD RAJESHM', NULL, NULL, NULL, NULL),
(78, 'SHRUTI SHETTY', NULL, NULL, NULL, NULL),
(79, 'ANITA RAVINDRA DESAI', NULL, NULL, NULL, NULL),
(80, 'HANUMANT SHINDE', NULL, NULL, NULL, NULL),
(82, 'CHALKE AMOL KASHINATH', NULL, NULL, NULL, NULL),
(83, 'BHAGWAN DHONDU PAWAR', NULL, NULL, NULL, NULL),
(84, 'DAYANAND VITHOBA KHEDEKAR', NULL, NULL, NULL, NULL),
(85, 'MANGILAL JAGDISH SUTAR', NULL, NULL, NULL, NULL),
(86, 'DEEPAK PANDURANG GADE', NULL, NULL, NULL, NULL),
(87, 'MOHAMMED SAKIB NAFEES AHMED AN', NULL, NULL, NULL, NULL),
(88, 'DIVESH RAMLAL RUPAREL', NULL, NULL, NULL, NULL),
(89, 'Mrs SANDHYA PANKAJ RAVAL', NULL, NULL, NULL, NULL),
(90, 'ANISH HIRAMAN BHOIR', NULL, NULL, NULL, NULL),
(91, 'CHAUDHARI AMIT MADHUKAR', NULL, NULL, NULL, NULL),
(92, 'TANUJ RAMESH PATIL', NULL, NULL, NULL, NULL),
(93, 'VILAS GULABRAO BHISE', NULL, NULL, NULL, NULL),
(94, 'RUSHIKESH SUDHAKAR PAWSHE', NULL, NULL, NULL, NULL),
(95, 'UDDHAV MARUTI KADAM', NULL, NULL, NULL, NULL),
(96, 'MR ASHISH CHAVAN', NULL, NULL, NULL, NULL),
(97, 'AMIT ASHOK KANEKAR', NULL, NULL, NULL, NULL),
(99, 'shubham kothari', '8291236662', 'sk@sk.com', 'subhash road, Dombivivil,west', '123456789');

-- --------------------------------------------------------

--
-- Table structure for table `financialyear`
--

CREATE TABLE `financialyear` (
  `fy_id` int(11) NOT NULL,
  `start_date` date NOT NULL,
  `end_date` date NOT NULL,
  `short_form` varchar(10) NOT NULL
) ENGINE=InnoDB DEFAULT CHARSET=utf8mb4;

--
-- Dumping data for table `financialyear`
--

INSERT INTO `financialyear` (`fy_id`, `start_date`, `end_date`, `short_form`) VALUES
(1, '2010-04-01', '2011-03-31', '2010-11'),
(2, '2011-04-01', '2012-03-31', '2011-12'),
(3, '2012-04-01', '2013-03-31', '2012-13'),
(4, '2013-04-01', '2014-03-31', '2013-14'),
(5, '2014-04-01', '2015-03-31', '2014-15'),
(6, '2015-04-01', '2016-03-31', '2015-16'),
(7, '2016-04-01', '2017-03-31', '2016-17'),
(8, '2017-04-01', '2018-03-31', '2017-18'),
(9, '2018-04-01', '2019-03-31', '2018-19'),
(10, '2019-04-01', '2020-03-31', '2019-20'),
(11, '2020-04-01', '2021-03-31', '2020-21'),
(12, '2021-04-01', '2022-03-31', '2021-22'),
(13, '2022-04-01', '2023-03-31', '2022-23'),
(14, '2023-04-01', '2024-03-31', '2023-24'),
(15, '2024-04-01', '2025-03-31', '2024-25'),
(16, '2025-04-01', '2026-03-31', '2025-26'),
(17, '2026-04-01', '2027-03-31', '2026-27'),
(18, '2027-04-01', '2028-03-31', '2027-28'),
(19, '2028-04-01', '2029-03-31', '2028-29'),
(20, '2029-04-01', '2030-03-31', '2029-30');

-- --------------------------------------------------------

--
-- Table structure for table `payment_mode`
--

CREATE TABLE `payment_mode` (
  `pay_mode_id` int(11) NOT NULL,
  `pay_mode` varchar(30) NOT NULL
) ENGINE=InnoDB DEFAULT CHARSET=utf8mb4;

--
-- Dumping data for table `payment_mode`
--

INSERT INTO `payment_mode` (`pay_mode_id`, `pay_mode`) VALUES
(1, 'Bank'),
(2, 'Cash'),
(3, 'Bharat Pay'),
(4, 'Paytm'),
(5, 'NEFT / IMPS / RTGS'),
(6, 'Discount'),
(7, 'Not Paid');

-- --------------------------------------------------------

--
-- Table structure for table `pre_bal_product`
--

CREATE TABLE `pre_bal_product` (
  `id` int(11) NOT NULL,
  `prd_id` int(11) NOT NULL,
  `fy_id` int(11) NOT NULL,
  `qnt` int(11) NOT NULL
) ENGINE=InnoDB DEFAULT CHARSET=utf8mb4;

-- --------------------------------------------------------

--
-- Table structure for table `products`
--

CREATE TABLE `products` (
  `prd_id` int(11) NOT NULL,
  `prd_name` varchar(50) NOT NULL,
  `unit` int(11) DEFAULT NULL,
  `date_added` date NOT NULL DEFAULT current_timestamp(),
  `mrp` float DEFAULT NULL,
  `selling_price` float DEFAULT NULL
) ENGINE=InnoDB DEFAULT CHARSET=utf8mb4;

--
-- Dumping data for table `products`
--

INSERT INTO `products` (`prd_id`, `prd_name`, `unit`, `date_added`, `mrp`, `selling_price`) VALUES
(1, 'philips Candle 25w clear', NULL, '2022-01-05', 0, 0),
(2, 'philips GLS 100w', NULL, '2022-01-05', NULL, NULL),
(3, 'philips GLS 200w', NULL, '2022-01-05', NULL, NULL),
(4, 'philips GLS 25w', NULL, '2022-01-05', NULL, NULL),
(5, 'philips GLS 40w', NULL, '2022-01-05', NULL, NULL),
(6, 'philips GLS 60w', NULL, '2022-01-05', NULL, NULL),
(7, 'godrej adaptor -A type', NULL, '2022-01-05', NULL, NULL),
(8, 'godrej adaptor -B type', NULL, '2022-01-05', NULL, NULL),
(9, 'godrej multi lock (black)', NULL, '2022-01-05', NULL, NULL),
(10, 'godrej classic cylidrical ss', NULL, '2022-01-05', NULL, NULL),
(11, 'godrej doorcloser 6800', NULL, '2022-01-05', NULL, NULL),
(12, 'godrej freedom 5 lvr-2 keys', NULL, '2022-01-05', NULL, NULL),
(13, 'godrej freedom 6 lvr-3 keys', NULL, '2022-01-05', NULL, NULL),
(14, 'godrej freedom 7 lvr-3 keys', NULL, '2022-01-05', NULL, NULL),
(15, 'godrej MY lock Candy', NULL, '2022-01-05', NULL, NULL),
(16, 'godrej navtal 5 lvr-3 keys', NULL, '2022-01-05', NULL, NULL),
(17, 'godrej navtal 6 lvr-3 keys', NULL, '2022-01-05', NULL, NULL),
(18, 'godrej navtal 7 lvr-4 keys', NULL, '2022-01-05', NULL, NULL),
(19, 'godrej navtal ultra XL Padlock', NULL, '2022-01-05', NULL, NULL),
(20, 'godrej night latch(old)-IN', NULL, '2022-01-05', NULL, NULL),
(21, 'godrej night latch(old)-OUT', NULL, '2022-01-05', NULL, NULL),
(22, 'godrej multi lock (popular)', NULL, '2022-01-05', NULL, NULL),
(23, 'godrej premium night latch -IN', NULL, '2022-01-05', NULL, NULL),
(24, 'godrej premium night latch -OUT', NULL, '2022-01-05', NULL, NULL),
(25, 'godrej Rim latch -IN', NULL, '2022-01-05', NULL, NULL),
(26, 'godrej Rim latch -OUT', NULL, '2022-01-05', NULL, NULL),
(27, 'godrej round lock 6 lvr', NULL, '2022-01-05', NULL, NULL),
(28, 'godrej round lock 7 lvr', NULL, '2022-01-05', NULL, NULL),
(29, 'godrej multi lock (round)', NULL, '2022-01-05', NULL, NULL),
(30, 'godrej Ultra xl Rim ss (IN)', NULL, '2022-01-05', NULL, NULL),
(31, 'godrej Ultra xl Rim ss (Out)', NULL, '2022-01-05', NULL, NULL),
(32, 'godrej Ultra latchbolt (IN)', NULL, '2022-01-05', NULL, NULL),
(33, 'philips 0.5w led bulb', NULL, '2022-01-05', NULL, NULL),
(34, 'philips 11w cfl', NULL, '2022-01-05', NULL, NULL),
(35, 'philips 12w led bulb', NULL, '2022-01-05', NULL, NULL),
(36, 'philips 14w cfl', NULL, '2022-01-05', NULL, NULL),
(37, 'philips 14w led bulb', NULL, '2022-01-05', NULL, NULL),
(38, 'philips 17w led bulb', NULL, '2022-01-05', NULL, NULL),
(39, 'philips 18w cfl', NULL, '2022-01-05', NULL, NULL),
(40, 'philips 18w lifemax tube', NULL, '2022-01-05', NULL, NULL),
(41, 'philips 18w truelight tube', NULL, '2022-01-05', NULL, NULL),
(42, 'philips 18w ujjwal led battan', NULL, '2022-01-05', NULL, NULL),
(43, 'philips 2.7w led bulb', NULL, '2022-01-05', NULL, NULL),
(44, 'philips 20w led bulb', NULL, '2022-01-05', NULL, NULL),
(45, 'philips 20w slim line', NULL, '2022-01-05', NULL, NULL),
(46, 'philips 20w slim line next', NULL, '2022-01-05', NULL, NULL),
(47, 'philips 20w tornando', NULL, '2022-01-05', NULL, NULL),
(48, 'philips 23w cfl', NULL, '2022-01-05', NULL, NULL),
(49, 'philips 23w led bulb', NULL, '2022-01-05', NULL, NULL),
(50, 'philips 23w tornando', NULL, '2022-01-05', NULL, NULL),
(51, 'philips 25w Slimline Advance', NULL, '2022-01-05', NULL, NULL),
(52, 'philips 27w cfl', NULL, '2022-01-05', NULL, NULL),
(53, 'philips 27w led bulb', NULL, '2022-01-05', NULL, NULL),
(54, 'philips 3 pin top 16A', NULL, '2022-01-05', NULL, NULL),
(55, 'philips 3 pin top 6A', NULL, '2022-01-05', NULL, NULL),
(56, 'philips 30w Slimline Advance', NULL, '2022-01-05', NULL, NULL),
(57, 'philips 36w lifemax plus tube', NULL, '2022-01-05', NULL, NULL),
(58, 'philips 36w lifemax tube ', NULL, '2022-01-05', NULL, NULL),
(59, 'philips 36w truelight', NULL, '2022-01-05', NULL, NULL),
(60, 'philips 40w Champion tube', NULL, '2022-01-05', NULL, NULL),
(61, 'philips 40w led bulb', NULL, '2022-01-05', NULL, NULL),
(62, 'philips 4w E27 white', NULL, '2022-01-05', NULL, NULL),
(63, 'philips 4w led bulb', NULL, '2022-01-05', NULL, NULL),
(64, 'philips 4w led bulb ww', NULL, '2022-01-05', NULL, NULL),
(65, 'philips 4w E27 ww', NULL, '2022-01-05', NULL, NULL),
(66, 'philips 5w cfl', NULL, '2022-01-05', NULL, NULL),
(67, 'philips 5w led deco Colour', NULL, '2022-01-05', NULL, NULL),
(68, 'philips 7w led bulb', NULL, '2022-01-05', NULL, NULL),
(69, 'philips 7w led bulb ww', NULL, '2022-01-05', NULL, 140),
(70, 'philips 8w cfl', NULL, '2022-01-05', NULL, NULL),
(71, 'philips 9w E27 white', NULL, '2022-01-05', NULL, NULL),
(72, 'philips 9w led bulb', NULL, '2022-01-05', NULL, NULL),
(73, 'philips 9w led (emergency) bulb', NULL, '2022-01-05', NULL, NULL),
(74, 'philips astraspot 2w', NULL, '2022-01-05', NULL, NULL),
(75, 'philips astraspot 2w (w.w)', NULL, '2022-01-05', NULL, NULL),
(76, 'philips astraspot 3w', NULL, '2022-01-05', NULL, NULL),
(77, 'philips astraspot 3w (w.w)', NULL, '2022-01-05', NULL, NULL),
(78, 'philips deco clear nlamp 15W', NULL, '2022-01-05', NULL, NULL),
(79, 'philips deco col nlamp 15W', NULL, '2022-01-05', NULL, NULL),
(80, 'philips deco frost nlamp 10W', NULL, '2022-01-05', NULL, NULL),
(81, 'philips starter fsu', NULL, '2022-01-05', NULL, NULL),
(82, 'philips T-curve 12w', NULL, '2022-01-05', NULL, NULL),
(83, 'philips T5 28w tube', NULL, '2022-01-05', NULL, NULL),
(84, 'philips tarang sleek patti', NULL, '2022-01-05', NULL, NULL),
(85, 'philips T-led 10w', NULL, '2022-01-05', NULL, NULL),
(86, 'philips T-led 14w', NULL, '2022-01-05', NULL, NULL),
(87, 'philips T-led 18w', NULL, '2022-01-05', NULL, NULL),
(88, 'philips T-led 20w', NULL, '2022-01-05', NULL, NULL),
(89, 'Philips T-led 7w', NULL, '2022-01-05', NULL, NULL),
(90, 'philips T-led 8w', NULL, '2022-01-05', NULL, NULL),
(91, 'philips PLL 11W', NULL, '2022-01-05', NULL, NULL),
(92, 'philips PLL 36W', NULL, '2022-01-05', NULL, NULL),
(93, 'philips Softone 100w', NULL, '2022-01-05', NULL, NULL),
(94, 'philips Softone 25w', NULL, '2022-01-05', NULL, NULL),
(95, 'philips Softone 40w', NULL, '2022-01-05', NULL, NULL),
(96, 'philips Softone 60w', NULL, '2022-01-05', NULL, NULL),
(97, 'philips Sumo Choke', NULL, '2022-01-05', NULL, NULL),
(98, 'Duracell chotta AA', NULL, '2022-01-05', NULL, NULL),
(99, 'Duracell chotta AAA', NULL, '2022-01-05', NULL, NULL),
(100, 'pvc white braided pipe 1/2 inch', NULL, '2022-01-05', NULL, NULL),
(101, 'pvc white braided pipe 3/4 inch', NULL, '2022-01-05', NULL, NULL),
(102, 'pvc white braided pipe 5/8 inch', NULL, '2022-01-05', NULL, NULL),
(103, 'Duracell AA (ultra)', NULL, '2022-01-05', NULL, NULL),
(104, 'Duracell AAA (ultra)', NULL, '2022-01-05', NULL, NULL),
(105, 'Flora 75*9*31*12mm L Hinges', NULL, '2022-01-05', NULL, NULL),
(106, 'Flora 75*9*31*19mm L Hinges', NULL, '2022-01-05', NULL, NULL),
(107, 'Flora 75*9*31*6mm L Hinges', NULL, '2022-01-05', NULL, NULL),
(108, 'Flora Z Hinges 75*12mm', NULL, '2022-01-05', NULL, NULL),
(109, 'Flora Z Hinges 75*19mm', NULL, '2022-01-05', NULL, NULL),
(110, 'Flora Z Hinges 75*6mm', NULL, '2022-01-05', NULL, NULL),
(111, 'WD40 32gm', NULL, '2022-01-05', NULL, NULL),
(112, 'WD40 64gm', NULL, '2022-01-05', NULL, NULL),
(113, 'ezee spray 400ml', NULL, '2022-01-05', NULL, NULL),
(114, 'Fevicol Bulbond Pouch 1kg', NULL, '2022-01-05', NULL, NULL),
(115, 'Fevicol Bulbond Pouch 500g', NULL, '2022-01-05', NULL, NULL),
(116, 'Fevicol Marine Pouch 900g', NULL, '2022-01-05', NULL, NULL),
(117, 'Fevicol SH jar 125g', NULL, '2022-01-05', NULL, NULL),
(118, 'Fevicol SH jar 1kg', NULL, '2022-01-05', NULL, NULL),
(119, 'Fevicol SH jar 250g', NULL, '2022-01-05', NULL, NULL),
(120, 'Fevicol SH jar 500g', NULL, '2022-01-05', NULL, NULL),
(121, 'Fevicol SH jar 50g', NULL, '2022-01-05', NULL, NULL),
(122, 'Fevicol SH Pouch 1kg', NULL, '2022-01-05', NULL, NULL),
(123, 'Fevicol SR heatx 100ml', NULL, '2022-01-05', NULL, NULL),
(124, 'Fevicol SR heatx 1ltr', NULL, '2022-01-05', NULL, NULL),
(125, 'Fevicol SR heatx 200ml', NULL, '2022-01-05', NULL, NULL),
(126, 'Fevicol SR heatx 500ml', NULL, '2022-01-05', NULL, NULL),
(127, 'Fevicol SR-505 100ml', NULL, '2022-01-05', NULL, NULL),
(128, 'Fevicol SR-505 1ltr', NULL, '2022-01-05', NULL, NULL),
(129, 'Fevicol SR-505 200ml', NULL, '2022-01-05', NULL, NULL),
(130, 'Fevicol SR-505 500ml', NULL, '2022-01-05', NULL, NULL),
(131, 'Fevicol SR-998 100ml', NULL, '2022-01-05', NULL, NULL),
(132, 'Fevicol SR-998 1ltr', NULL, '2022-01-05', NULL, NULL),
(133, 'Fevicol SR-998 200ml', NULL, '2022-01-05', NULL, NULL),
(134, 'Fevicol SR-998 500ml', NULL, '2022-01-05', NULL, NULL),
(135, 'mistrijee 2 in 1', NULL, '2022-01-05', NULL, NULL),
(136, 'mistrijee 2 in 2', NULL, '2022-01-05', NULL, NULL),
(137, 'mistrijee 2 in 3', NULL, '2022-01-05', NULL, NULL),
(138, 'mistrijee 4*30 T', NULL, '2022-01-05', NULL, NULL),
(139, 'mistrijee 4*40 T', NULL, '2022-01-05', NULL, NULL),
(140, 'mistrijee 5*30 T', NULL, '2022-01-05', NULL, NULL),
(141, 'mistrijee 5*40 T', NULL, '2022-01-05', NULL, NULL),
(142, 'mistrijee Jack plane 05 big', NULL, '2022-01-05', NULL, NULL),
(143, 'mistrijee Jack plane 00 med', NULL, '2022-01-05', NULL, NULL),
(144, 'mistrijee Jack plane 00 sm', NULL, '2022-01-05', NULL, NULL),
(145, 'Wudfin Clear 200ml', NULL, '2022-01-05', NULL, NULL),
(146, 'Wudfin Clear 500ml', NULL, '2022-01-05', NULL, NULL),
(147, 'Wudfin Colour 200ml', NULL, '2022-01-05', NULL, NULL),
(148, 'Wudfin Colour 500ml', NULL, '2022-01-05', NULL, NULL),
(149, 'EC4 Cutter machine', NULL, '2022-01-05', NULL, NULL),
(150, 'EC5 Cutter machine', NULL, '2022-01-05', NULL, NULL),
(151, 'PD-450VR Rev/For 10mm drill machine (orange)', NULL, '2022-01-05', NULL, NULL),
(152, 'EID-13 drill machine', NULL, '2022-01-05', NULL, NULL),
(153, 'PD-6.5 6mm drill machine (green)', NULL, '2022-01-05', NULL, NULL),
(154, 'PD-6.5 Rev/For 6mm drill machine (orange)', NULL, '2022-01-05', NULL, NULL),
(155, 'PG600 Grinder machine (orange)', NULL, '2022-01-05', NULL, NULL),
(156, 'MYK Bond Latex (10L)', NULL, '2022-01-05', NULL, NULL),
(157, 'MYK Bond Latex (1L)', NULL, '2022-01-05', NULL, NULL),
(158, 'MYK Bond Latex (20L)', NULL, '2022-01-05', NULL, NULL),
(159, 'MYK Bond Latex (500ml)', NULL, '2022-01-05', NULL, NULL),
(160, 'MYK Bond Latex (5L)', NULL, '2022-01-05', NULL, NULL),
(161, 'MYK Bond SBR (10L)', NULL, '2022-01-05', NULL, NULL),
(162, 'MYK Bond SBR (125ml)', NULL, '2022-01-05', NULL, NULL),
(163, 'MYK Bond SBR (1L)', NULL, '2022-01-05', NULL, NULL),
(164, 'MYK Bond SBR (20L)', NULL, '2022-01-05', NULL, NULL),
(165, 'MYK Bond SBR (500ml)', NULL, '2022-01-05', NULL, NULL),
(166, 'MYK Bond SBR (5L)', NULL, '2022-01-05', NULL, NULL),
(167, 'MYK Crackfill Grey(1Kg)', NULL, '2022-01-05', NULL, NULL),
(168, 'MYK Crackfill Grey(500gm)', NULL, '2022-01-05', NULL, NULL),
(169, 'MYK Crackfill White(1Kg)', NULL, '2022-01-05', NULL, NULL),
(170, 'MYK Crackfill White(500gm)', NULL, '2022-01-05', NULL, NULL),
(171, 'MYK Crystalline IC 10kg', NULL, '2022-01-05', NULL, NULL),
(172, 'MYK Crystalline IC 25kg', NULL, '2022-01-05', NULL, NULL),
(173, 'MYK Damp Coat 1kg', NULL, '2022-01-05', NULL, NULL),
(174, 'MYK Latex 45 (10L)', NULL, '2022-01-05', NULL, NULL),
(175, 'MYK Latex 45 (1L)', NULL, '2022-01-05', NULL, NULL),
(176, 'MYK Latex 45 (20L)', NULL, '2022-01-05', NULL, NULL),
(177, 'MYK Latex 45 (500ml)', NULL, '2022-01-05', NULL, NULL),
(178, 'MYK Latex 45 (5L)', NULL, '2022-01-05', NULL, NULL),
(179, 'MYK Multicrete (10L)', NULL, '2022-01-05', NULL, NULL),
(180, 'MYK Multicrete (1L)', NULL, '2022-01-05', NULL, NULL),
(181, 'MYK Multicrete (20L)', NULL, '2022-01-05', NULL, NULL),
(182, 'MYK Multicrete (500ml)', NULL, '2022-01-05', NULL, NULL),
(183, 'MYK Multicrete (5L)', NULL, '2022-01-05', NULL, NULL),
(184, 'MYK Rightcoat 13kg', NULL, '2022-01-05', NULL, NULL),
(185, 'MYK Rightcoat 1kg', NULL, '2022-01-05', NULL, NULL),
(186, 'MYK Rightcoat 25kg', NULL, '2022-01-05', NULL, NULL),
(187, 'MYK Rightcoat 3kg', NULL, '2022-01-05', NULL, NULL),
(188, 'MYK Rust Convertor (1L)', NULL, '2022-01-05', NULL, NULL),
(189, 'MYK Rust Convertor (500ml)', NULL, '2022-01-05', NULL, NULL),
(190, 'MYK Rust Remover (1L)', NULL, '2022-01-05', NULL, NULL),
(191, 'MYK Rust Remover (500ml)', NULL, '2022-01-05', NULL, NULL),
(192, 'MYK Tank Coat 1kg', NULL, '2022-01-05', NULL, NULL),
(193, 'MYK WP-10 (10L)', NULL, '2022-01-05', NULL, NULL),
(194, 'MYK WP-10 (125ml)', NULL, '2022-01-05', NULL, NULL),
(195, 'MYK WP-10 (1L)', NULL, '2022-01-05', NULL, NULL),
(196, 'MYK WP-10 (20L)', NULL, '2022-01-05', NULL, NULL),
(197, 'MYK WP-10 (500ml)', NULL, '2022-01-05', NULL, NULL),
(198, 'MYK WP-10 (5L)', NULL, '2022-01-05', NULL, NULL),
(199, 'brite-o-super @50/-', NULL, '2022-01-05', NULL, NULL),
(200, 'fevibond 10ml @10/-', NULL, '2022-01-05', NULL, NULL),
(201, 'fevibond 50ml @35/-', NULL, '2022-01-05', NULL, NULL),
(202, 'fevikwik @5/-', NULL, '2022-01-05', NULL, NULL),
(203, 'fevikwik gel 1gm @10/-', NULL, '2022-01-05', NULL, NULL),
(204, 'mseal sanaitry white', NULL, '2022-01-05', NULL, NULL),
(205, 'Mseal Teflon tape 10mt @25/-', NULL, '2022-01-05', NULL, NULL),
(206, 'Mseal Teflon tape 4mt @10/-', NULL, '2022-01-05', NULL, NULL),
(207, 'MYK Clenza TC 1 ltr', NULL, '2022-01-05', NULL, NULL),
(208, 'MYK Grout mix Col 1kg', NULL, '2022-01-05', NULL, NULL),
(209, 'MYK NSA-305 (20kg)', NULL, '2022-01-05', NULL, NULL),
(210, 'MYK SP-100 Filler 3.75kg', NULL, '2022-01-05', NULL, NULL),
(211, 'MYK SP-100 Resin kit 1.25kg', NULL, '2022-01-05', NULL, NULL),
(212, 'MYK Spacers 4mm', NULL, '2022-01-05', NULL, NULL),
(213, 'press teak- Badshah Sqr Box', NULL, '2022-01-05', NULL, NULL),
(214, 'press teak-22 in 1 mantra bell', NULL, '2022-01-05', NULL, NULL),
(215, 'press teak-3 in 1 bell', NULL, '2022-01-05', NULL, NULL),
(216, 'press teak-4 + 1 spikeguard', NULL, '2022-01-05', NULL, NULL),
(217, 'press teak-4 + 4 spikeguard', NULL, '2022-01-05', NULL, NULL),
(218, 'press teak-5 to 15 conversion', NULL, '2022-01-05', NULL, NULL),
(219, 'press teak-5amp conversion', NULL, '2022-01-05', NULL, NULL),
(220, 'press teak-ding dong boss', NULL, '2022-01-05', NULL, NULL),
(221, 'press teak-ding dong glory', NULL, '2022-01-05', NULL, NULL),
(222, 'press teak-ding dong SPL', NULL, '2022-01-05', NULL, NULL),
(223, 'press teak-ding dong Stereo SB-03', NULL, '2022-01-05', NULL, NULL),
(224, 'press teak-Mellody M-5 music bell', NULL, '2022-01-05', NULL, NULL),
(225, 'Shakti Cover Paper Holder', NULL, '2022-01-05', NULL, NULL),
(226, 'Shakti Soap dish SQ-A', NULL, '2022-01-05', NULL, NULL),
(227, 'Shakti Soap dish SQ-B', NULL, '2022-01-05', NULL, NULL),
(228, 'Shakti wire khutti-4 hk', NULL, '2022-01-05', NULL, NULL),
(229, 'Shakti wire khutti-5 hk', NULL, '2022-01-05', NULL, NULL),
(230, 'Shakti wire khutti-6 hk', NULL, '2022-01-05', NULL, NULL),
(231, 'Shakti wire khutti-7 hk', NULL, '2022-01-05', NULL, NULL),
(232, 'Shakti wire khutti-8 hk', NULL, '2022-01-05', NULL, NULL),
(233, 'abro 20mt *20mm', NULL, '2022-01-05', NULL, NULL),
(234, 'abro 20mt *25mm', NULL, '2022-01-05', NULL, NULL),
(235, 'abro 25mt *20mm', NULL, '2022-01-05', NULL, NULL),
(236, 'abro 25mt *25mm', NULL, '2022-01-05', NULL, NULL),
(237, 'abro 30mt *20mm', NULL, '2022-01-05', NULL, NULL),
(238, 'abro 30mt *25mm', NULL, '2022-01-05', NULL, NULL),
(239, 'abro brown tape 1 inch', NULL, '2022-01-05', NULL, NULL),
(240, 'abro brown tape 2 inch', NULL, '2022-01-05', NULL, NULL),
(241, 'abro brown tape 3 inch', NULL, '2022-01-05', NULL, NULL),
(242, 'abro clear tape 1 inch', NULL, '2022-01-05', NULL, NULL),
(243, 'abro clear tape 2 inch', NULL, '2022-01-05', NULL, NULL),
(244, 'abro clear tape 3 inch', NULL, '2022-01-05', NULL, NULL),
(245, 'abro spray col', NULL, '2022-01-05', NULL, NULL),
(246, 'abro spray copper', NULL, '2022-01-05', NULL, NULL),
(247, 'abro spray gold', NULL, '2022-01-05', NULL, NULL),
(248, 'abro spray silver', NULL, '2022-01-05', NULL, NULL),
(249, 'bondfix XR @10', NULL, '2022-01-05', NULL, NULL),
(250, 'bondfix XR 35ml  @30', NULL, '2022-01-05', NULL, NULL),
(251, 'bondset f/setting  10/-', NULL, '2022-01-05', NULL, NULL),
(252, 'bondset f/setting 1kg', NULL, '2022-01-05', NULL, NULL),
(253, 'bondset f/setting 20/-', NULL, '2022-01-05', NULL, NULL),
(254, 'bondset f/setting 30/-', NULL, '2022-01-05', NULL, NULL),
(255, 'bondtite 13g fast/clear', NULL, '2022-01-05', NULL, NULL),
(256, 'bondtite 13g super strength', NULL, '2022-01-05', NULL, NULL),
(257, 'bondtite 180g fast/clear', NULL, '2022-01-05', NULL, NULL),
(258, 'bondtite 180g super strength', NULL, '2022-01-05', NULL, NULL),
(259, 'bondtite 270g fast/clear', NULL, '2022-01-05', NULL, NULL),
(260, 'bondtite 36g fast/clear', NULL, '2022-01-05', NULL, NULL),
(261, 'bondtite 36g super strength', NULL, '2022-01-05', NULL, NULL),
(262, 'bondtite 450g fast/clear jar', NULL, '2022-01-05', NULL, NULL),
(263, 'bondtite 450g super strength jar', NULL, '2022-01-05', NULL, NULL),
(264, 'bondtite 6g fast/clear', NULL, '2022-01-05', NULL, NULL),
(265, 'bondtite 90g fast/clear', NULL, '2022-01-05', NULL, NULL),
(266, 'bondtite 90g super strength', NULL, '2022-01-05', NULL, NULL),
(267, 'resi thread locker 20/-', NULL, '2022-01-05', NULL, NULL),
(268, 'resibond 1010 silicone', NULL, '2022-01-05', NULL, NULL),
(269, 'resibond 3010 silicone', NULL, '2022-01-05', NULL, NULL),
(270, 'resibond 330 clear 30/-', NULL, '2022-01-05', NULL, NULL),
(271, 'resibond amrow tube 20/-', NULL, '2022-01-05', NULL, NULL),
(272, 'resibond GP-100 silicone', NULL, '2022-01-05', NULL, NULL),
(273, 'resibond resipro silicone', NULL, '2022-01-05', NULL, NULL),
(274, 'Abro insulation tape @12', NULL, '2022-01-05', NULL, NULL),
(275, 'resiquick 0.5 ml @5/-', NULL, '2022-01-05', NULL, NULL),
(276, 'termigard 1 ltr', NULL, '2022-01-05', NULL, NULL),
(277, 'termigard 100ml', NULL, '2022-01-05', NULL, NULL),
(278, 'termigard 250ml', NULL, '2022-01-05', NULL, NULL),
(279, 'termigard 500ml', NULL, '2022-01-05', NULL, NULL),
(280, 'termigard 500ml spray', NULL, '2022-01-05', NULL, NULL),
(281, 'vega 20ml @ 50', NULL, '2022-01-05', NULL, NULL),
(282, 'vetra 20ml @70', NULL, '2022-01-05', NULL, NULL),
(283, '1000 series AA Rechargable cell', NULL, '2022-01-05', NULL, NULL),
(284, '1000 series AAA Rechargable cell', NULL, '2022-01-05', NULL, NULL),
(285, '1000 series Rechargable + 4 AA CELL', NULL, '2022-01-05', NULL, NULL),
(286, 'everady 9v cell', NULL, '2022-01-05', NULL, NULL),
(287, 'everady AA cell', NULL, '2022-01-05', NULL, NULL),
(288, 'everady AAA cell', NULL, '2022-01-05', NULL, NULL),
(289, 'everady C cell', NULL, '2022-01-05', NULL, NULL),
(290, 'everady D cell', NULL, '2022-01-05', NULL, NULL),
(291, 'everady DL05 TORCH', NULL, '2022-01-05', NULL, NULL),
(292, 'everady DL06 TORCH', NULL, '2022-01-05', NULL, NULL),
(293, 'everady DL07 TORCH', NULL, '2022-01-05', NULL, NULL),
(294, 'everady DL11 TORCH', NULL, '2022-01-05', NULL, NULL),
(295, 'everady DL36 TORCH', NULL, '2022-01-05', NULL, NULL),
(296, 'everady DL40 TORCH', NULL, '2022-01-05', NULL, NULL),
(297, 'everady DL42 TORCH', NULL, '2022-01-05', NULL, NULL),
(298, 'everady DL45 TORCH', NULL, '2022-01-05', NULL, NULL),
(299, 'everady DL46 TORCH', NULL, '2022-01-05', NULL, NULL),
(300, 'everady DL47 TORCH', NULL, '2022-01-05', NULL, NULL),
(301, 'everady DL51 TORCH', NULL, '2022-01-05', NULL, NULL),
(302, 'everady DL63 Brass TORCH', NULL, '2022-01-05', NULL, NULL),
(303, 'everady DL64 Brass TORCH', NULL, '2022-01-05', NULL, NULL),
(304, 'everady DL65 Brass TORCH', NULL, '2022-01-05', NULL, NULL),
(305, 'everady DL76 TORCH', NULL, '2022-01-05', NULL, NULL),
(306, 'everady DL84 TORCH Charging', NULL, '2022-01-05', NULL, NULL),
(307, 'everady DL85 TORCH', NULL, '2022-01-05', NULL, NULL),
(308, 'everady DL87 TORCH Charging', NULL, '2022-01-05', NULL, NULL),
(309, 'everady DL88 TORCH Charging', NULL, '2022-01-05', NULL, NULL),
(310, 'everady DL92 TORCH', NULL, '2022-01-05', NULL, NULL),
(311, 'everady DL95 TORCH', NULL, '2022-01-05', NULL, NULL),
(312, 'everady DL99 TORCH Charging', NULL, '2022-01-05', NULL, NULL),
(313, 'everady HL02 TORCH', NULL, '2022-01-05', NULL, NULL),
(314, 'Europa 1010 IV RIM in', NULL, '2022-01-05', NULL, NULL),
(315, 'Europa 1010 NS RIM in', NULL, '2022-01-05', NULL, NULL),
(316, 'Europa 1010 SW RIM in', NULL, '2022-01-05', NULL, NULL),
(317, 'Europa 1011 NS RIM out', NULL, '2022-01-05', NULL, NULL),
(318, 'Europa 1011 SW RIM out', NULL, '2022-01-05', NULL, NULL),
(319, 'Europa 6010 IV RIM in', NULL, '2022-01-05', NULL, NULL),
(320, 'Europa 6010 NS RIM in', NULL, '2022-01-05', NULL, NULL),
(321, 'Europa 6010 SW RIM in', NULL, '2022-01-05', NULL, NULL),
(322, 'Europa 6011 SW RIM out', NULL, '2022-01-05', NULL, NULL),
(323, 'Europa 8010 IV RIM in', NULL, '2022-01-05', NULL, NULL),
(324, 'Europa 8010 NS RIM in', NULL, '2022-01-05', NULL, NULL),
(325, 'Europa 8011 IV RIM out', NULL, '2022-01-05', NULL, NULL),
(326, 'Europa 8011 NS RIM out', NULL, '2022-01-05', NULL, NULL),
(327, 'Europa 8013 IN RIM in', NULL, '2022-01-05', NULL, NULL),
(328, 'Europa BI disc lock 70MM', NULL, '2022-01-05', NULL, NULL),
(329, 'Europa DIAMANT br 65mm', NULL, '2022-01-05', NULL, NULL),
(330, 'Europa DIAMANT long ss 65mm', NULL, '2022-01-05', NULL, NULL),
(331, 'Europa DIAMANT ss 58mm', NULL, '2022-01-05', NULL, NULL),
(332, 'Europa Drawer lock 20mm', NULL, '2022-01-05', NULL, NULL),
(333, 'Europa H640 Hexabolt', NULL, '2022-01-05', NULL, NULL),
(334, 'Europa S110 Shutter Lock', NULL, '2022-01-05', NULL, NULL),
(335, 'Europa S310 Shutter Lock', NULL, '2022-01-05', NULL, NULL),
(336, 'Europa Spare cylinder', NULL, '2022-01-05', NULL, NULL),
(337, 'Europa SS disc lock 70MM', NULL, '2022-01-05', NULL, NULL),
(338, 'Europa SS disc lock 90MM', NULL, '2022-01-05', NULL, NULL),
(339, 'philips 30w led bulb', NULL, '2022-01-05', NULL, NULL),
(340, 'Colour pudi mix', NULL, '2022-01-05', NULL, NULL),
(341, 'philips 2.7w led E27 White', NULL, '2022-01-05', NULL, NULL),
(342, 'philips 2.7w led E27 ww', NULL, '2022-01-05', NULL, NULL),
(343, '3x4 Galaxy Flex Box', NULL, '2022-01-05', NULL, NULL),
(344, 'philips slimline 5w  (1ft) white', NULL, '2022-01-05', NULL, NULL),
(345, 'philips slimline 5w  (1ft) warm white', NULL, '2022-01-05', NULL, NULL),
(346, 'silicon gun tk-128', NULL, '2022-01-05', NULL, NULL),
(347, 'Araldite 13g', NULL, '2022-01-05', NULL, NULL),
(348, 'Araldite 36g', NULL, '2022-01-05', NULL, NULL),
(349, 'Araldite 90g', NULL, '2022-01-05', NULL, NULL),
(350, 'Araldite 180g', NULL, '2022-01-05', NULL, NULL),
(351, 'Araldite 270g', NULL, '2022-01-05', NULL, NULL),
(352, 'Araldite 450g', NULL, '2022-01-05', NULL, NULL),
(353, 'Araldite XIN 450g', NULL, '2022-01-05', NULL, NULL),
(354, 'Araldite 1.8kg', NULL, '2022-01-05', NULL, NULL),
(355, 'Araldite XIN 1.8kg', NULL, '2022-01-05', NULL, NULL),
(356, 'philips 10.5w led', NULL, '2022-01-05', NULL, NULL),
(357, 'International Multiplug 5Amp', NULL, '2022-01-05', NULL, NULL),
(358, 'philips 12w led (emergency) bulb', NULL, '2022-01-05', NULL, NULL),
(359, 'philips 10w led wifi Bulb', NULL, '2022-01-05', NULL, NULL),
(360, 'philips 7w led E27 ww', NULL, '2022-01-05', NULL, NULL),
(361, 'Mseal Phataphat 25g  @10/-', NULL, '2022-01-05', NULL, NULL),
(363, 'Pressfit 23/42 Flexible wire', NULL, '2022-01-05', NULL, NULL),
(364, 'godrej Square Padlock 5 lvr 4key ', NULL, '2022-01-05', NULL, NULL),
(365, 'godrej Square Padlock 6 lvr 4key ', NULL, '2022-01-05', NULL, NULL),
(366, 'godrej Univ Cupboard lock 2key ', NULL, '2022-01-05', NULL, NULL),
(367, 'philips Candle 25w Pearl frost ', NULL, '2022-01-05', NULL, NULL),
(368, 'resitape teflon @22 ', NULL, '2022-01-05', 22, NULL),
(369, 'pestofree 100ml', NULL, '2022-01-05', NULL, NULL),
(370, 'pestofree 100ml', NULL, '2022-01-05', NULL, NULL),
(371, 'pestofree 250ml', NULL, '2022-01-05', NULL, NULL),
(372, 'pestofree 500ml', NULL, '2022-01-05', NULL, NULL),
(373, 'pestofree 1 ltr', NULL, '2022-01-05', NULL, NULL),
(374, 'pestofree 5 ltr', NULL, '2022-01-05', NULL, NULL),
(375, 'JK white Cement 1kg ', NULL, '2022-01-05', NULL, NULL),
(376, 'JK white Cement 5kg ', NULL, '2022-01-05', NULL, NULL),
(377, 'JK white Cement 20kg ', NULL, '2022-01-05', NULL, NULL),
(378, 'JK white Cement 50kg ', NULL, '2022-01-05', NULL, NULL),
(379, 'JK white Putty 1kg', NULL, '2022-01-05', NULL, NULL),
(380, 'JK white Putty 20kg', NULL, '2022-01-05', NULL, NULL),
(381, 'Astral Resigrip Heat bond 200ml ', NULL, '2022-01-05', NULL, NULL),
(382, 'Astral Resigrip Heat bond 500ml ', NULL, '2022-01-05', NULL, NULL),
(383, 'Astral Resigrip Heat bond 1 ltr', NULL, '2022-01-05', NULL, NULL),
(384, 'Resitape 18mm x 25mtr', NULL, '2022-01-05', NULL, NULL),
(385, 'everady DL08 TORCH', NULL, '2022-01-05', NULL, NULL),
(386, 'everady Ultima AA', NULL, '2022-01-05', NULL, NULL),
(387, 'everady Ultima AAA', NULL, '2022-01-05', NULL, NULL),
(388, 'philips 7w led E27 White', NULL, '2022-01-05', NULL, NULL),
(389, 'philips astra prime 3w white', NULL, '2022-01-05', NULL, NULL),
(390, 'philips astra prime 3w ww', NULL, '2022-01-05', NULL, NULL),
(392, 'Mseal CPVC Sol Cem 10 ml ', NULL, '2022-01-05', 20, 20),
(393, 'termigard 1Ltr spray', NULL, '2022-01-05', 356, 0),
(394, '1000 series Rechargable Combay AA+AAA', NULL, '2022-01-05', 650, 0),
(395, 'Europa 8010 IN RIM in', NULL, '2022-01-05', NULL, NULL),
(396, 'Europa 8011 IN RIM out', NULL, '2022-01-05', NULL, NULL),
(397, 'philips 4way Spike Guard (Black)', NULL, '2022-01-05', 340, 0),
(398, 'Silvo Polish 100ml', NULL, '2022-01-05', 0, 0),
(399, 'Brasso 100ml', NULL, '2022-01-05', 0, 0),
(400, 'Mincream 100ml', NULL, '2022-01-05', 0, 0),
(401, 'philips 20w slim line next warm white', NULL, '2022-01-05', 0, 0),
(402, 'Resitape 18mm x 20mtr', NULL, '2022-01-05', 25, 0),
(403, 'Resitape 24mm x 30mtr', NULL, '2022-01-05', 48, 0),
(404, 'philips 2.7w led bulb ww', NULL, '2022-01-05', 140, 100),
(405, 'Resitape 48mm x 20mtr', NULL, '2022-01-05', 66, 0),
(406, 'Resitape 48mm x 25mtr', NULL, '2022-01-05', 0, 0),
(407, 'Resitape 48mm x 30mtr', NULL, '2022-01-05', 0, 0),
(408, 'bondset f/setting 250g @70', NULL, '2022-01-05', 70, 0),
(409, 'SPEB 7 100ml @60 ', NULL, '2022-01-05', 60, 0),
(410, 'SPEB 7 200ml @95 ', NULL, '2022-01-05', 95, 0),
(411, 'SPEB 7 500ml @160', NULL, '2022-01-05', 160, 0),
(412, 'SPEB 7 - 1 ltr ', NULL, '2022-01-05', 0, 0),
(413, 'SONAR 4x30 Wood Cutting TCT Blade', NULL, '2022-01-05', 0, 0),
(414, 'SONAR 4x40 Wood Cutting TCT Blade', NULL, '2022-01-05', 320, 0),
(415, 'SONAR 5x30 Wood Cutting TCT Blade', NULL, '2022-01-05', 0, 0),
(416, 'SONAR 5x40 Wood Cutting TCT Blade', NULL, '2022-01-05', 0, 0),
(417, 'SONAR 4x8 seg Marble Cutting Blade', NULL, '2022-01-05', 0, 0),
(418, 'SONAR 4x16 seg Marble Cutting Blade', NULL, '2022-01-05', 0, 0),
(419, 'SONAR 4 inch Turbo Cutting Blade', NULL, '2022-01-05', 0, 0),
(420, 'SONAR 4 inch Disc Cutting Blade', NULL, '2022-01-05', 0, 0),
(421, 'SONAR 4x8 seg Granite Cutting Blade', NULL, '2022-01-05', 0, 0),
(422, 'SONAR 4 inch zero chipp Cutting Blade', NULL, '2022-01-05', 0, 0),
(423, 'SONAR HSS Drill Bit 7/64', NULL, '2022-01-05', 0, 0),
(424, 'SONAR HSS Drill Bit 1/8', NULL, '2022-01-05', 0, 0),
(425, 'SONAR HSS Drill Bit 5/32', NULL, '2022-01-05', 0, 0),
(426, 'SONAR HSS Drill Bit 3/16', NULL, '2022-01-05', 0, 0),
(427, 'SONAR HSS Drill Bit 1/4', NULL, '2022-01-05', 0, 0),
(428, 'Astral Monster pouch 1kg  ', NULL, '0000-00-00', NULL, NULL);

-- --------------------------------------------------------

--
-- Table structure for table `products_supplier`
--

CREATE TABLE `products_supplier` (
  `id` int(11) NOT NULL,
  `prd_id` int(11) NOT NULL,
  `supp_id` int(11) NOT NULL,
  `cost_price` int(11) NOT NULL
) ENGINE=InnoDB DEFAULT CHARSET=utf8mb4;

--
-- Dumping data for table `products_supplier`
--

INSERT INTO `products_supplier` (`id`, `prd_id`, `supp_id`, `cost_price`) VALUES
(2, 2, 2, 0),
(3, 3, 2, 0),
(4, 4, 2, 0),
(5, 5, 2, 0),
(6, 6, 2, 0),
(7, 7, 2, 0),
(8, 8, 2, 0),
(9, 9, 2, 0),
(10, 10, 2, 0),
(11, 11, 2, 0),
(12, 12, 2, 0),
(13, 13, 2, 0),
(14, 14, 2, 0),
(15, 15, 2, 0),
(16, 16, 2, 0),
(17, 17, 2, 0),
(18, 18, 2, 0),
(19, 19, 2, 0),
(20, 20, 2, 0),
(21, 21, 2, 0),
(22, 22, 2, 0),
(23, 23, 2, 0),
(24, 24, 2, 0),
(25, 25, 2, 0),
(26, 26, 2, 0),
(27, 27, 2, 0),
(28, 28, 2, 0),
(29, 29, 2, 0),
(30, 30, 2, 0),
(31, 31, 2, 0),
(32, 32, 2, 0),
(33, 33, 2, 0),
(34, 34, 2, 0),
(35, 35, 2, 0),
(36, 36, 2, 0),
(37, 37, 2, 0),
(38, 38, 2, 0),
(39, 39, 2, 0),
(40, 40, 2, 0),
(41, 41, 2, 0),
(42, 42, 2, 0),
(43, 43, 2, 0),
(44, 44, 2, 0),
(45, 45, 2, 0),
(46, 46, 2, 0),
(47, 47, 2, 0),
(48, 48, 2, 0),
(49, 49, 2, 0),
(50, 50, 2, 0),
(51, 51, 2, 0),
(52, 52, 2, 0),
(53, 53, 2, 0),
(54, 54, 2, 0),
(55, 55, 2, 0),
(56, 56, 2, 0),
(57, 57, 2, 0),
(58, 58, 2, 0),
(59, 59, 2, 0),
(60, 60, 2, 0),
(61, 61, 2, 0),
(62, 62, 2, 0),
(63, 63, 2, 0),
(64, 64, 2, 0),
(65, 65, 2, 0),
(66, 66, 2, 0),
(67, 67, 2, 0),
(68, 68, 2, 0),
(69, 69, 2, 0),
(70, 70, 2, 0),
(71, 71, 2, 0),
(72, 72, 2, 0),
(73, 73, 2, 0),
(74, 74, 2, 0),
(75, 75, 2, 0),
(76, 76, 2, 0),
(77, 77, 2, 0),
(78, 78, 2, 0),
(79, 79, 2, 0),
(80, 80, 2, 0),
(81, 81, 2, 0),
(82, 82, 2, 0),
(83, 83, 2, 0),
(84, 84, 2, 0),
(85, 85, 2, 0),
(86, 86, 2, 0),
(87, 87, 2, 0),
(88, 88, 2, 0),
(89, 89, 2, 0),
(90, 90, 2, 0),
(91, 91, 2, 0),
(92, 92, 2, 0),
(93, 93, 2, 0),
(94, 94, 2, 0),
(95, 95, 2, 0),
(96, 96, 2, 0),
(97, 97, 2, 0),
(98, 98, 41, 0),
(99, 99, 41, 0),
(100, 100, 9, 0),
(101, 101, 9, 0),
(102, 102, 9, 0),
(103, 103, 12, 0),
(104, 104, 12, 0),
(105, 105, 13, 0),
(106, 106, 13, 0),
(107, 107, 13, 0),
(108, 108, 13, 0),
(109, 109, 13, 0),
(110, 110, 13, 0),
(111, 111, 14, 0),
(112, 112, 14, 0),
(113, 114, 20, 0),
(114, 115, 20, 0),
(115, 116, 20, 0),
(116, 117, 20, 0),
(117, 118, 20, 0),
(118, 119, 20, 0),
(119, 120, 20, 0),
(120, 121, 20, 0),
(121, 122, 20, 0),
(122, 123, 20, 0),
(123, 124, 20, 0),
(124, 125, 20, 0),
(125, 126, 20, 0),
(126, 127, 20, 0),
(127, 128, 20, 0),
(128, 129, 20, 0),
(129, 130, 20, 0),
(130, 131, 20, 0),
(131, 132, 20, 0),
(132, 133, 20, 0),
(133, 134, 20, 0),
(134, 135, 20, 0),
(135, 136, 20, 0),
(136, 137, 20, 0),
(137, 138, 20, 0),
(138, 139, 20, 0),
(139, 140, 20, 0),
(140, 141, 20, 0),
(141, 142, 20, 0),
(142, 143, 20, 0),
(143, 144, 20, 0),
(144, 145, 20, 0),
(145, 146, 20, 0),
(146, 147, 20, 0),
(147, 148, 20, 0),
(148, 149, 21, 0),
(149, 150, 21, 0),
(150, 151, 21, 0),
(151, 152, 21, 0),
(152, 153, 21, 0),
(153, 154, 21, 0),
(154, 155, 21, 0),
(155, 156, 24, 0),
(156, 157, 24, 0),
(157, 158, 24, 0),
(158, 159, 24, 0),
(159, 160, 24, 0),
(160, 161, 24, 0),
(161, 162, 24, 0),
(162, 163, 24, 0),
(163, 164, 24, 0),
(164, 165, 24, 0),
(165, 166, 24, 0),
(166, 167, 24, 0),
(167, 168, 24, 0),
(168, 169, 24, 0),
(169, 170, 24, 0),
(170, 171, 24, 0),
(171, 172, 24, 0),
(172, 173, 24, 0),
(173, 174, 24, 0),
(174, 175, 24, 0),
(175, 176, 24, 0),
(176, 177, 24, 0),
(177, 178, 24, 0),
(178, 179, 24, 0),
(179, 180, 24, 0),
(180, 181, 24, 0),
(181, 182, 24, 0),
(182, 183, 24, 0),
(183, 184, 24, 0),
(184, 185, 24, 0),
(185, 186, 24, 0),
(186, 187, 24, 0),
(187, 188, 24, 0),
(188, 189, 24, 0),
(189, 190, 24, 0),
(190, 191, 24, 0),
(191, 192, 24, 0),
(192, 193, 24, 0),
(193, 194, 24, 0),
(194, 195, 24, 0),
(195, 196, 24, 0),
(196, 197, 24, 0),
(197, 198, 24, 0),
(198, 199, 28, 0),
(199, 200, 28, 0),
(200, 201, 28, 0),
(201, 202, 28, 0),
(202, 203, 28, 0),
(203, 204, 28, 0),
(204, 205, 28, 0),
(205, 206, 28, 0),
(206, 207, 29, 0),
(207, 208, 29, 0),
(208, 209, 29, 0),
(209, 210, 29, 0),
(210, 211, 29, 0),
(211, 212, 29, 0),
(212, 213, 31, 0),
(213, 214, 31, 0),
(214, 215, 31, 0),
(215, 216, 31, 0),
(216, 217, 31, 0),
(217, 218, 31, 0),
(218, 219, 31, 0),
(219, 220, 31, 0),
(220, 221, 31, 0),
(221, 222, 31, 0),
(222, 223, 31, 0),
(223, 224, 31, 0),
(224, 225, 35, 0),
(225, 226, 35, 0),
(226, 227, 35, 0),
(227, 228, 35, 0),
(228, 229, 35, 0),
(229, 230, 35, 0),
(230, 231, 35, 0),
(231, 232, 35, 0),
(232, 233, 37, 0),
(233, 234, 37, 0),
(234, 235, 37, 0),
(235, 236, 37, 0),
(236, 237, 37, 0),
(237, 238, 37, 0),
(238, 239, 37, 0),
(239, 240, 37, 0),
(240, 241, 37, 0),
(241, 242, 37, 0),
(242, 243, 37, 0),
(243, 244, 37, 0),
(244, 245, 37, 0),
(245, 246, 37, 0),
(246, 247, 37, 0),
(247, 248, 37, 0),
(248, 249, 37, 0),
(249, 250, 37, 0),
(250, 251, 37, 0),
(251, 252, 37, 0),
(252, 253, 37, 0),
(253, 254, 37, 0),
(254, 255, 37, 0),
(255, 256, 37, 0),
(256, 257, 37, 0),
(257, 258, 37, 0),
(258, 259, 37, 0),
(259, 260, 37, 0),
(260, 261, 37, 0),
(261, 262, 37, 0),
(262, 263, 37, 0),
(263, 264, 37, 0),
(264, 265, 37, 0),
(265, 266, 37, 0),
(266, 267, 37, 0),
(267, 268, 37, 0),
(268, 269, 37, 0),
(269, 270, 37, 0),
(270, 271, 37, 0),
(271, 272, 37, 0),
(272, 273, 37, 0),
(273, 274, 37, 0),
(274, 275, 37, 0),
(275, 276, 37, 0),
(276, 277, 37, 0),
(277, 278, 37, 0),
(278, 279, 37, 0),
(279, 280, 37, 0),
(280, 281, 37, 0),
(281, 282, 37, 0),
(282, 283, 38, 0),
(283, 284, 38, 0),
(284, 285, 38, 0),
(285, 286, 38, 0),
(286, 287, 38, 0),
(287, 288, 38, 0),
(288, 289, 38, 0),
(289, 290, 38, 0),
(290, 291, 38, 0),
(291, 292, 38, 0),
(292, 293, 38, 0),
(293, 294, 38, 0),
(294, 295, 38, 0),
(295, 296, 38, 0),
(296, 297, 38, 0),
(297, 298, 38, 0),
(298, 299, 38, 0),
(299, 300, 38, 0),
(300, 301, 38, 0),
(301, 302, 38, 0),
(302, 303, 38, 0),
(303, 304, 38, 0),
(304, 305, 38, 0),
(305, 306, 38, 0),
(306, 307, 38, 0),
(307, 308, 38, 0),
(308, 309, 38, 0),
(309, 310, 38, 0),
(310, 311, 38, 0),
(311, 312, 38, 0),
(312, 313, 38, 0),
(313, 314, 39, 0),
(314, 315, 39, 0),
(315, 316, 39, 0),
(316, 317, 39, 0),
(317, 318, 39, 0),
(318, 319, 39, 0),
(319, 320, 39, 0),
(320, 321, 39, 0),
(321, 322, 39, 0),
(322, 323, 39, 0),
(323, 324, 39, 0),
(324, 325, 39, 0),
(325, 326, 39, 0),
(326, 327, 39, 0),
(327, 328, 39, 0),
(328, 329, 39, 0),
(329, 330, 39, 0),
(330, 331, 39, 0),
(331, 332, 39, 0),
(332, 333, 39, 0),
(333, 334, 39, 0),
(334, 335, 39, 0),
(335, 336, 39, 0),
(336, 337, 39, 0),
(337, 338, 39, 0),
(338, 339, 2, 0),
(339, 341, 2, 0),
(340, 342, 2, 0),
(341, 344, 2, 0),
(342, 345, 2, 0),
(343, 347, 2, 0),
(344, 348, 2, 0),
(345, 349, 2, 0),
(346, 350, 2, 0),
(347, 351, 2, 0),
(348, 352, 2, 0),
(349, 353, 2, 0),
(350, 354, 2, 0),
(351, 355, 2, 0),
(352, 356, 2, 0),
(353, 358, 2, 0),
(354, 359, 2, 0),
(355, 360, 2, 0),
(356, 340, 17, 0),
(357, 346, 37, 0),
(358, 357, 31, 0),
(359, 363, 31, 0),
(360, 361, 28, 0),
(362, 343, 31, 0),
(363, 368, 37, 0),
(364, 369, 16, 0),
(365, 370, 16, 0),
(366, 371, 16, 0),
(367, 372, 16, 0),
(368, 373, 16, 0),
(369, 374, 16, 0),
(370, 375, 16, 0),
(371, 376, 16, 0),
(372, 377, 16, 0),
(373, 378, 16, 0),
(374, 379, 16, 0),
(375, 380, 16, 0),
(376, 381, 16, 0),
(377, 382, 16, 0),
(378, 383, 16, 0),
(379, 384, 16, 0),
(380, 385, 38, 0),
(381, 386, 38, 0),
(382, 387, 38, 0),
(383, 388, 2, 0),
(384, 389, 2, 0),
(385, 390, 2, 0),
(386, 367, 2, 0),
(387, 365, 2, 0),
(388, 366, 2, 0),
(389, 364, 2, 0),
(390, 113, 20, 0),
(392, 392, 28, 0),
(393, 393, 37, 0),
(394, 394, 38, 0),
(395, 397, 2, 0),
(396, 398, 47, 0),
(397, 399, 47, 0),
(398, 400, 47, 0),
(399, 401, 2, 0),
(400, 395, 39, 0),
(401, 396, 39, 0),
(402, 402, 37, 0),
(403, 403, 37, 0),
(404, 404, 2, 0),
(405, 405, 37, 0),
(406, 406, 37, 0),
(407, 407, 37, 0),
(408, 408, 37, 0),
(409, 409, 37, 0),
(410, 410, 37, 0),
(411, 411, 37, 0),
(412, 412, 37, 0),
(413, 413, 50, 0),
(414, 414, 50, 0),
(415, 415, 50, 0),
(416, 416, 50, 0),
(417, 417, 50, 0),
(418, 418, 50, 0),
(419, 419, 50, 0),
(420, 420, 50, 0),
(421, 421, 50, 0),
(422, 422, 50, 0),
(423, 423, 50, 0),
(424, 424, 50, 0),
(425, 425, 50, 0),
(426, 426, 50, 0),
(427, 427, 50, 0),
(429, 428, 37, 0),
(435, 1, 2, 0),
(436, 1, 1, 0);

-- --------------------------------------------------------

--
-- Table structure for table `purchase`
--

CREATE TABLE `purchase` (
  `pur_id` int(11) NOT NULL,
  `supp_id` int(11) NOT NULL,
  `pur_date` date NOT NULL,
  `bill_no` varchar(20) NOT NULL,
  `total` int(11) NOT NULL,
  `pay_date` date DEFAULT NULL,
  `pay_mode_id` int(11) DEFAULT 7,
  `tax5` float NOT NULL,
  `gst5` float NOT NULL,
  `tax12` float NOT NULL,
  `gst12` float NOT NULL,
  `tax18` float NOT NULL,
  `gst18` float NOT NULL,
  `tax28` float NOT NULL,
  `gst28` float NOT NULL
) ENGINE=InnoDB DEFAULT CHARSET=utf8mb4;

--
-- Dumping data for table `purchase`
--

INSERT INTO `purchase` (`pur_id`, `supp_id`, `pur_date`, `bill_no`, `total`, `pay_date`, `pay_mode_id`, `tax5`, `gst5`, `tax12`, `gst12`, `tax18`, `gst18`, `tax28`, `gst28`) VALUES
(2, 38, '2020-06-01', '0189/2020-21', 2320, NULL, NULL, 0, 0, 0, 0, 1966.08, 176.96, 0, 0),
(3, 2, '2020-06-02', '20-21/0003-P', 15285, '2020-10-27', 1, 0, 0, 12593.7, 755.61, 1000.06, 90, 0, 0),
(4, 2, '2020-06-18', '20-21/0053-P', 3026, NULL, NULL, 0, 0, 1647.31, 98.84, 1000.91, 90.04, 0, 0),
(5, 2, '2020-08-06', '20-21/0228-P', 3155, '2020-11-11', 1, 0, 0, 2437.49, 146.26, 360.17, 32.42, 0, 0),
(6, 28, '2020-08-08', '1537', 981, NULL, NULL, 0, 0, 0, 0, 831.3, 74.85, 0, 0),
(8, 2, '2020-08-27', '20-21/0489-P', 3358, '2020-11-11', 1, 0, 0, 1055.35, 63.32, 1844.08, 165.96, 0, 0),
(9, 38, '2020-08-31', '710/2020-21', 3592, '2020-01-15', 1, 0, 0, 0, 0, 3044.04, 273.98, 0, 0),
(10, 16, '2020-09-04', '20-21/0464', 2890, '2021-10-29', 1, 0, 0, 0, 0, 1906.78, 171.61, 500, 70),
(12, 31, '2020-09-04', 'SR/20-21/148', 1493, NULL, NULL, 0, 0, 0, 0, 1265.3, 113.85, 0, 0),
(17, 21, '2020-09-09', '221', 5800, '2021-01-10', 1, 0, 0, 0, 0, 4916, 442, 0, 0),
(18, 28, '2020-09-12', '002778', 1084, NULL, NULL, 0, 0, 0, 0, 918.68, 82.66, 0, 0),
(19, 39, '2020-08-21', '272056100022', 34647, '2020-08-20', 5, 0, 0, 0, 0, 29361.8, 2642.61, 0, 0),
(20, 37, '2019-12-31', '6537', 2447, NULL, NULL, 0, 0, 0, 0, 2073.66, 186.67, 0, 0),
(21, 2, '2020-09-18', '20-21/0757-P', 4182, '2020-12-10', 1, 0, 0, 3733.92, 224.04, 0, 0, 0, 0),
(22, 37, '2020-09-21', '1950', 2299, '2020-11-03', 1, 0, 0, 0, 0, 1948.3, 175.35, 0, 0),
(23, 2, '2020-09-27', '20-21/0829-P', 3295, '2020-12-10', 1, 0, 0, 2941.94, 176.53, 0, 0, 0, 0),
(24, 38, '2020-09-28', '0904/20-21', 1322, '2020-10-30', 1, 0, 0, 0, 0, 1120.32, 100.84, 0, 0),
(25, 31, '2020-10-01', 'SR/20-21/224', 696, NULL, NULL, 0, 0, 0, 0, 589.8, 53.1, 0, 0),
(26, 37, '2020-10-02', '2223', 1295, '2020-11-24', 1, 0, 0, 0, 0, 1097.44, 98.78, 0, 0),
(27, 21, '2020-10-05', '239', 2820, NULL, NULL, 0, 0, 0, 0, 2390, 215, 0, 0),
(28, 2, '2020-10-11', '20-21/1040-P', 7467, '2021-01-08', 1, 0, 0, 5761.58, 345.71, 859.32, 77.34, 0, 0),
(29, 38, '2020-10-12', '1102/20-21', 1926, '2020-10-30', 1, 0, 0, 0, 0, 1423.72, 128.14, 192.2, 26.9),
(30, 37, '2020-10-13', '2541', 2570, '2020-11-24', 1, 0, 0, 0, 0, 2177.92, 196.04, 0, 0),
(31, 2, '2020-10-17', '20-21/1156-P', 1410, '2021-01-08', 1, 0, 0, 883.94, 53.03, 355.94, 32.03, 0, 0),
(32, 38, '2020-10-19', '1209/20-21', 855, '2020-10-30', 1, 0, 0, 0, 0, 724.58, 65.21, 0, 0),
(33, 37, '2020-10-23', '2895', 640, '2020-12-08', 1, 0, 0, 0, 0, 542.32, 48.84, 0, 0),
(34, 41, '2020-10-23', '874', 8028, '2020-11-03', 1, 0, 0, 0, 0, 6803.34, 612.33, 0, 0),
(35, 28, '2020-10-26', '4319', 998, NULL, NULL, 0, 0, 0, 0, 845.76, 76.12, 0, 0),
(36, 38, '2020-10-26', '1306/20-21', 1200, '2020-12-30', 1, 0, 0, 0, 0, 1016.94, 91.53, 0, 0),
(37, 37, '2020-10-30', '3058', 655, '2020-12-08', 1, 0, 0, 0, 0, 555.08, 49.96, 0, 0),
(38, 2, '2020-10-31', '20-21/1381-P', 8348, '2021-01-21', 1, 0, 0, 1727.68, 103.66, 5434.8, 489.1, 0, 0),
(39, 21, '2020-11-03', '264', 3500, '2020-11-03', 2, 0, 0, 0, 0, 2966, 267, 0, 0),
(40, 37, '2020-11-06', '3287', 220, '2020-12-08', 1, 0, 0, 0, 0, 186.44, 16.78, 0, 0),
(41, 2, '2020-11-07', '20-21/1517-P', 3307, '2021-02-23', 1, 0, 0, 2196.42, 131.79, 717.84, 64.58, 0, 0),
(42, 2, '2020-11-11', '20-21/1623-P', 4877, '2021-02-23', 1, 0, 0, 4001.74, 240.13, 334.74, 30.13, 0, 0),
(43, 16, '2020-11-19', 'GST/20-21/1091', 3763, '2021-10-29', 1, 0, 0, 0, 0, 2104.32, 189.34, 1000, 140),
(44, 37, '2020-11-24', '3677', 2191, '2020-12-28', 1, 0, 0, 0, 0, 1856.72, 167.14, 0, 0),
(45, 29, '2020-11-29', 'RE/305/20-21', 8560, '2021-08-31', 1, 0, 0, 0, 0, 7254.28, 652.86, 0, 0),
(46, 38, '2020-11-30', '1718/20-21', 1483, '2020-12-30', 1, 0, 0, 0, 0, 1256.78, 113.11, 0, 0),
(47, 37, '2020-12-04', '4027', 1233, '2020-12-31', 1, 0, 0, 0, 0, 1044.92, 94.04, 0, 0),
(48, 2, '2020-12-05', '20-21/1890-P', 5920, '2021-03-10', 1, 0, 0, 4100.48, 246.01, 1125.02, 101.24, 0, 0),
(49, 12, '2020-12-12', '6970/20-21', 400, NULL, NULL, 0, 0, 0, 0, 339, 30.5, 0, 0),
(50, 28, '2020-12-12', '5996', 690, NULL, NULL, 0, 0, 0, 0, 584.72, 52.64, 0, 0),
(51, 2, '2020-12-12', '20-21/1984-P', 4150, '2021-03-10', 1, 0, 0, 3705.34, 222.33, 0, 0, 0, 0),
(52, 21, '2020-12-19', '298', 5250, '2021-12-20', 1, 0, 0, 0, 0, 4449, 400.5, 0, 0),
(54, 31, '2020-12-20', 'SR/20-21/522', 3212, NULL, NULL, 0, 0, 0, 0, 2722.06, 244.97, 0, 0),
(55, 2, '2020-12-24', '20-21/2174-A', 2593, '2021-01-08', 1, 0, 0, 0, 0, 2197.68, 197.66, 0, 0),
(56, 38, '2020-12-28', '1918/20-21', 1866, NULL, NULL, 0, 0, 0, 0, 1581.36, 142.32, 0, 0),
(57, 2, '2020-12-31', '20-21/2309-P', 7923, '2021-04-06', 1, 0, 0, 6785.67, 407.16, 273.75, 24.63, 0, 0),
(58, 38, '2020-12-19', '1864/20-21', 891, '2020-12-30', 1, 0, 0, 0, 0, 755.08, 67.96, 0, 0),
(59, 2, '2021-01-05', '20-21/2350-A', 2550, '2021-01-21', 1, 0, 0, 0, 0, 2161.02, 194.49, 0, 0),
(60, 2, '2021-01-09', '20-21/2422-P', 12529, '2021-06-23', 1, 0, 0, 10954.5, 657.24, 220.34, 19.83, 0, 0),
(61, 21, '2021-01-09', '314', 1650, '2021-12-20', 1, 0, 0, 0, 0, 1398, 126, 0, 0),
(62, 31, '2021-01-13', 'SR/20-21/671', 673, NULL, NULL, 0, 0, 0, 0, 570.4, 51.3, 0, 0),
(63, 2, '2021-01-17', '20-21/2526-P', 1606, '2021-06-26', 1, 0, 0, 0, 0, 1361.06, 122.47, 0, 0),
(64, 37, '2021-01-22', '05646', 1989, '2021-03-22', 1, 0, 0, 0, 0, 1685.56, 151.72, 0, 0),
(65, 2, '2021-01-23', '20-21/2625-P', 4685, '2021-08-05', 1, 0, 0, 4183, 251, 0, 0, 0, 0),
(66, 28, '2021-01-24', '007398', 1301, NULL, NULL, 0, 0, 0, 0, 1102.5, 99.25, 0, 0),
(67, 2, '2021-01-31', '20-21/2735-P', 1924, '2021-06-26', 1, 0, 0, 762.48, 45.76, 906.78, 81.61, 0, 0),
(68, 31, '2021-02-19', '848', 537, NULL, NULL, 0, 0, 0, 0, 455.1, 40.95, 0, 0),
(69, 37, '2021-03-04', '07071', 1093, '2021-03-22', 1, 0, 0, 0, 0, 926.22, 83.39, 0, 0),
(70, 2, '2021-03-06', '20-21/3278-P', 4541, '2021-08-18', 1, 0, 0, 3514.28, 210.86, 512.66, 46.17, 0, 0),
(71, 37, '2021-03-09', '07273', 1048, '2021-06-24', 1, 0, 0, 0, 0, 888.2, 79.9, 0, 0),
(72, 37, '2021-03-19', '07619', 826, '2021-06-24', 1, 0, 0, 0, 0, 700.04, 62.98, 0, 0),
(73, 28, '2021-03-21', 'SD00-357', 761, NULL, NULL, 0, 0, 0, 0, 644.96, 58.02, 0, 0),
(74, 2, '2021-03-31', '20-21/3711-P', 4530, '2021-04-04', 2, 0, 0, 3241.06, 194.47, 762.72, 68.64, 0, 0),
(75, 2, '2021-03-31', '20-21/3700-P', 2315, '2021-08-05', 1, 0, 0, 1401.8, 84.1, 631.32, 56.84, 0, 0),
(76, 30, '2021-03-07', '1109', 3021, NULL, NULL, 0, 0, 0, 0, 2560.2, 230.4, 0, 0),
(77, 46, '2021-06-22', '487', 1704, '2021-06-22', 2, 0, 0, 1521.48, 91.26, 0, 0, 0, 0),
(78, 9, '2021-04-03', 'FY21-22/03', 2356, NULL, NULL, 0, 0, 0, 0, 1996.62, 179.69, 0, 0),
(79, 37, '2021-06-09', '00811', 1486, '2021-07-30', 1, 0, 0, 0, 0, 1259.38, 113.31, 0, 0),
(80, 37, '2021-06-25', '01335', 1425, '2021-10-05', 1, 0, 0, 0, 0, 1207.66, 108.67, 0, 0),
(81, 39, '2021-06-30', '272156100132', 7059, '2021-07-01', 5, 0, 0, 0, 0, 5982.26, 538.37, 0, 0),
(82, 38, '2021-05-31', '251/2021-22', 1428, '2021-07-03', 1, 0, 0, 0, 0, 1210.14, 108.93, 0, 0),
(83, 2, '2021-06-20', '21-22/0306-P', 3710, '2021-09-07', 1, 0, 0, 2531.24, 151.88, 741.48, 66.76, 0, 0),
(84, 38, '2021-04-05', '0051/2020-21', 2012, '2021-07-03', 1, 0, 0, 0, 0, 1705.06, 153.47, 0, 0),
(85, 37, '2021-04-02', '00011', 320, '2021-07-30', 1, 0, 0, 0, 0, 271.18, 24.41, 0, 0),
(86, 38, '2021-06-28', '0725/2021-22', 2720, '2021-08-13', 1, 0, 0, 0, 0, 1906.74, 171.63, 367.22, 51.39),
(87, 38, '2021-07-12', '0898/2021-22', 246, '2021-07-12', 2, 0, 0, 0, 0, 0, 0, 192.2, 26.9),
(88, 39, '2021-07-21', '272156100197', 10500, '2021-07-22', 5, 0, 0, 0, 0, 8898.38, 800.81, 0, 0),
(89, 31, '2021-08-14', 'SR/21-22/256', 2049, '2021-10-06', 1, 0, 0, 0, 0, 1736.42, 156.29, 0, 0),
(90, 37, '2021-07-27', '02272', 1185, '2021-10-05', 1, 0, 0, 0, 0, 1004.18, 90.41, 0, 0),
(91, 28, '2021-07-30', 'MNT-1583', 919, '2021-08-03', 2, 0, 0, 0, 0, 778.88, 70.06, 0, 0),
(92, 28, '2021-07-31', 'MNT-1735', 309, '2021-08-03', 2, 0, 0, 0, 0, 261.84, 23.58, 0, 0),
(93, 2, '2021-07-31', '21-22/0961-P', 6387, '2021-09-29', 1, 0, 0, 5126.76, 307.62, 546.6, 49.2, 0, 0),
(94, 2, '2021-08-07', '21-22/1092-P', 2690, '2021-10-13', 1, 0, 0, 1553.56, 93.22, 805.08, 72.46, 0, 0),
(95, 38, '2021-08-09', '1247/2021-22', 855, NULL, NULL, 0, 0, 0, 0, 724.58, 65.21, 0, 0),
(96, 37, '2021-08-12', '02880', 612, '2021-10-05', 1, 0, 0, 0, 0, 518.64, 46.68, 0, 0),
(97, 2, '2021-08-14', '21-22/1252-P', 1560, '2021-10-13', 1, 0, 0, 669.64, 40.18, 686.44, 61.78, 0, 0),
(98, 37, '2021-08-18', '03099', 1028, '2021-10-05', 1, 0, 0, 0, 0, 871.12, 78.44, 0, 0),
(99, 2, '2021-08-28', '21-22/1490-P', 12829, '2021-10-28', 1, 0, 0, 10246.4, 614.79, 1146.66, 103.17, 0, 0),
(100, 29, '2021-08-28', 'RE/182/21-22', 9670, NULL, NULL, 0, 0, 0, 0, 8195, 737.5, 0, 0),
(101, 37, '2021-08-31', '03554', 440, NULL, NULL, 0, 0, 0, 0, 372.92, 33.54, 0, 0),
(102, 2, '2021-09-04', '21-22/1652-P', 3876, '2021-11-29', 1, 0, 0, 3460.72, 207.64, 0, 0, 0, 0),
(103, 31, '2021-09-20', 'SR/21-22/414', 366, NULL, NULL, 0, 0, 0, 0, 310.2, 27.9, 0, 0),
(104, 2, '2021-09-18', '21-22/1870-P', 4440, '2021-11-29', 1, 0, 0, 3749.98, 225.01, 203.38, 18.31, 0, 0),
(105, 38, '2021-09-20', '1850/2021-22', 2005, '2021-10-21', 1, 0, 0, 0, 0, 1699.14, 152.93, 0, 0),
(106, 28, '2021-09-25', 'MNT-3178', 1074, '2021-09-28', 2, 0, 0, 0, 0, 910.2, 81.9, 0, 0),
(107, 2, '2021-10-02', '21-22/2096-P', 1740, '2021-12-14', 1, 0, 0, 1553.56, 93.22, 0, 0, 0, 0),
(108, 37, '2021-09-30', '04576', 1542, '2021-11-18', 1, 0, 0, 0, 0, 1306.78, 117.61, 0, 0),
(109, 37, '2021-08-03', '02522', 691, '2021-10-05', 1, 0, 0, 0, 0, 585.64, 52.68, 0, 0),
(110, 47, '2021-09-04', 'SG-550', 2207, '2021-09-04', 2, 0, 0, 0, 0, 1870.4, 168.3, 0, 0),
(111, 14, '2021-09-04', 'SG-2874', 2301, '2021-09-04', 2, 0, 0, 0, 0, 1950, 175.5, 0, 0),
(112, 2, '2021-09-25', '21-22/1986-P', 2249, '2021-11-29', 1, 0, 0, 640.18, 38.41, 1298.3, 116.85, 0, 0),
(113, 31, '2021-10-05', 'SR/21-22/462', 605, '2021-11-28', 2, 0, 0, 0, 0, 512.66, 46.17, 0, 0),
(114, 2, '2021-10-09', '21-22/2228-P', 1340, '2021-12-14', 1, 0, 0, 0, 0, 1135.58, 102.21, 0, 0),
(115, 38, '2021-10-18', '2223/2021-22', 1330, '2021-11-17', 1, 0, 0, 0, 0, 1127.1, 101.45, 0, 0),
(116, 37, '2021-10-19', '05180', 5202, '2021-12-11', 1, 0, 0, 0, 0, 4408.54, 396.73, 0, 0),
(117, 2, '2021-10-23', '21-22/2489-P', 2045, '2021-12-14', 1, 0, 0, 1553.56, 93.22, 258.54, 23.23, 0, 0),
(118, 28, '2021-10-23', 'MNT-3930', 102, '2021-10-24', 2, 0, 0, 0, 0, 86.5, 7.75, 0, 0),
(119, 2, '2021-10-30', '21-22/2651-P', 3986, '2022-01-24', 1, 0, 0, 3407.12, 204.44, 144.06, 12.97, 0, 0),
(120, 49, '2021-10-30', '13653/21-22', 346, '2021-10-31', 2, 0, 0, 0, 0, 293.2, 26.4, 0, 0),
(121, 31, '2021-11-05', 'SR/21-22/613', 538, NULL, NULL, 0, 0, 0, 0, 455.92, 41.04, 0, 0),
(122, 2, '2021-11-13', '21-22/2936-P', 570, '2022-01-24', 1, 0, 0, 214.26, 12.87, 279.66, 25.17, 0, 0),
(123, 38, '2021-11-15', '2628/2021-22', 1540, '2021-12-18', 1, 0, 0, 0, 0, 1200.84, 108.08, 96.04, 13.48),
(124, 21, '2021-11-16', '89', 5839, '2022-01-20', 1, 0, 0, 0, 0, 4948, 445.5, 0, 0),
(125, 37, '2021-11-17', '06183', 709, '2022-01-18', 1, 0, 0, 0, 0, 600.8, 54.1, 0, 0),
(126, 2, '2021-11-20', '21-22/3027-P', 1220, '2022-01-24', 1, 0, 0, 375, 22.5, 677.92, 61.04, 0, 0),
(127, 21, '2021-11-20', '92', 4379, NULL, NULL, 0, 0, 0, 0, 3711, 334, 0, 0),
(128, 39, '2021-11-25', '272156100679', 2599, '2021-11-26', 5, 0, 0, 0, 0, 2202.56, 198.22, 0, 0),
(129, 38, '2021-11-29', '2750/2021-22', 210, '2021-12-18', 1, 0, 0, 0, 0, 177.96, 16.02, 0, 0),
(130, 21, '2021-12-03', '94', 1680, NULL, NULL, 0, 0, 0, 0, 1423, 128.5, 0, 0),
(131, 2, '2021-12-04', '21-22/3239-P', 1440, NULL, NULL, 0, 0, 616.08, 36.96, 635.6, 57.2, 0, 0),
(132, 37, '2021-12-09', '6951', 2786, '2022-01-18', 1, 0, 0, 0, 0, 2361.06, 212.47, 0, 0),
(133, 37, '2021-12-12', '07035', 999, '2022-01-18', 1, 0, 0, 0, 0, 846.54, 76.23, 0, 0),
(134, 38, '2021-12-13', '2960/2021-22', 1260, '2022-01-26', 1, 0, 0, 0, 0, 1067.78, 96.11, 0, 0),
(135, 39, '2021-12-17', '272156100760', 7225, '2021-12-18', 5, 0, 0, 0, 0, 6122.9, 551.05, 0, 0),
(136, 2, '2021-12-18', '21-22/3433-P', 4489, NULL, NULL, 0, 0, 4008.02, 240.49, 0, 0, 0, 0),
(137, 28, '2021-12-25', 'MNT-5622', 522, '2021-12-25', 2, 0, 0, 0, 0, 442.32, 39.84, 0, 0),
(138, 2, '2021-12-25', '21-22/3517-P', 2076, NULL, NULL, 0, 0, 1853.56, 111.22, 0, 0, 0, 0),
(139, 38, '2021-12-27', '3183/21-22', 331, '2022-01-26', 1, 0, 0, 0, 0, 280.5, 25.25, 0, 0),
(140, 50, '2021-12-27', '299', 3645, '2022-01-13', 1, 0, 0, 0, 0, 3088.96, 278.02, 0, 0),
(141, 50, '2021-12-30', '300', 975, '2022-01-13', 1, 0, 0, 0, 0, 826.28, 74.36, 0, 0);

-- --------------------------------------------------------

--
-- Table structure for table `purchase_product`
--

CREATE TABLE `purchase_product` (
  `pur_prd_id` int(11) NOT NULL,
  `pur_id` int(11) NOT NULL,
  `prd_id` int(11) NOT NULL,
  `qnt` int(11) NOT NULL,
  `cost_price` float NOT NULL
) ENGINE=InnoDB DEFAULT CHARSET=utf8mb4;

--
-- Dumping data for table `purchase_product`
--

INSERT INTO `purchase_product` (`pur_prd_id`, `pur_id`, `prd_id`, `qnt`, `cost_price`) VALUES
(7, 18, 199, 3, 0),
(8, 18, 201, 10, 0),
(9, 18, 202, 78, 0),
(10, 18, 203, 12, 0),
(11, 18, 199, 6, 0),
(12, 61, 155, 1, 0),
(13, 63, 58, 36, 0),
(66, 70, 344, 3, 0),
(67, 70, 345, 2, 0),
(68, 70, 79, 20, 0),
(69, 70, 63, 24, 0),
(70, 70, 43, 12, 0),
(71, 70, 2, 12, 0),
(72, 70, 6, 12, 0),
(75, 59, 348, 12, 0),
(76, 59, 349, 8, 0),
(77, 60, 80, 20, 0),
(78, 60, 33, 18, 0),
(79, 60, 68, 20, 0),
(80, 60, 72, 30, 0),
(81, 60, 356, 3, 0),
(82, 60, 35, 27, 0),
(83, 60, 38, 12, 0),
(84, 62, 357, 10, 0),
(85, 65, 73, 3, 0),
(86, 65, 358, 6, 0),
(87, 65, 359, 1, 0),
(88, 67, 91, 10, 0),
(89, 67, 62, 6, 0),
(90, 67, 360, 4, 0),
(91, 66, 201, 10, 0),
(92, 66, 202, 78, 0),
(93, 66, 204, 20, 0),
(94, 66, 361, 40, 0),
(95, 68, 363, 1, 0),
(96, 57, 96, 12, 0),
(97, 57, 4, 10, 0),
(98, 57, 46, 40, 0),
(104, 56, 308, 2, 0),
(105, 56, 302, 1, 0),
(106, 56, 312, 3, 0),
(107, 56, 385, 1, 0),
(108, 56, 297, 2, 0),
(109, 56, 386, 6, 0),
(110, 55, 347, 20, 0),
(111, 55, 350, 6, 0),
(112, 54, 219, 8, 0),
(113, 54, 222, 10, 0),
(114, 54, 218, 5, 0),
(115, 54, 214, 5, 0),
(116, 54, 215, 5, 0),
(117, 58, 299, 3, 0),
(118, 58, 300, 3, 0),
(119, 58, 296, 3, 0),
(120, 58, 387, 6, 0),
(121, 52, 154, 1, 0),
(122, 52, 151, 1, 0),
(123, 51, 68, 50, 0),
(124, 51, 356, 3, 0),
(125, 50, 199, 3, 0),
(126, 50, 201, 10, 0),
(127, 50, 200, 10, 0),
(128, 50, 203, 12, 0),
(129, 50, 206, 10, 0),
(130, 49, 103, 6, 0),
(131, 49, 104, 6, 0),
(132, 48, 4, 10, 0),
(133, 48, 5, 20, 0),
(134, 48, 6, 20, 0),
(135, 48, 95, 10, 0),
(136, 48, 33, 18, 0),
(137, 48, 63, 24, 0),
(138, 48, 64, 6, 0),
(139, 48, 388, 4, 0),
(140, 48, 80, 20, 0),
(141, 48, 390, 3, 0),
(142, 48, 389, 3, 0),
(143, 48, 1, 6, 0),
(144, 48, 367, 10, 0),
(145, 47, 269, 3, 0),
(146, 47, 274, 60, 0),
(147, 47, 243, 18, 0),
(148, 46, 306, 3, 0),
(149, 46, 309, 4, 0),
(150, 46, 308, 2, 0),
(151, 46, 386, 6, 0),
(152, 72, 269, 3, 0),
(153, 72, 280, 3, 0),
(154, 73, 200, 10, 0),
(155, 73, 201, 10, 0),
(156, 73, 203, 12, 0),
(157, 73, 206, 20, 0),
(158, 73, 392, 10, 0),
(159, 64, 282, 10, 0),
(160, 64, 281, 10, 0),
(161, 64, 260, 6, 0),
(162, 64, 252, 1, 0),
(163, 64, 268, 2, 0),
(164, 64, 267, 6, 0),
(165, 64, 245, 2, 0),
(166, 69, 281, 10, 0),
(167, 69, 270, 5, 0),
(168, 69, 264, 10, 0),
(169, 69, 255, 10, 0),
(170, 71, 272, 6, 0),
(171, 71, 346, 2, 0),
(172, 71, 249, 7, 0),
(173, 71, 250, 5, 0),
(174, 74, 63, 12, 0),
(175, 74, 73, 6, 0),
(176, 74, 33, 6, 0),
(177, 74, 79, 20, 0),
(178, 74, 4, 12, 0),
(179, 74, 91, 6, 0),
(180, 75, 6, 12, 0),
(181, 75, 80, 20, 0),
(182, 75, 3, 12, 0),
(183, 75, 33, 12, 0),
(184, 75, 33, 12, 0),
(185, 75, 86, 4, 0),
(192, 80, 280, 4, 0),
(193, 80, 393, 1, 0),
(194, 80, 281, 10, 0),
(195, 80, 263, 1, 0),
(199, 83, 2, 12, 0),
(200, 83, 5, 12, 0),
(201, 83, 80, 20, 0),
(202, 83, 79, 20, 0),
(203, 83, 87, 4, 0),
(204, 83, 86, 4, 0),
(205, 83, 88, 1, 0),
(220, 84, 287, 40, 0),
(221, 84, 297, 7, 0),
(222, 84, 385, 2, 0),
(223, 84, 292, 3, 0),
(224, 84, 300, 3, 0),
(225, 84, 303, 1, 0),
(226, 82, 292, 4, 0),
(227, 82, 306, 4, 0),
(228, 82, 291, 4, 0),
(229, 87, 284, 2, 0),
(230, 88, 338, 3, 0),
(231, 88, 396, 3, 0),
(232, 88, 395, 3, 0),
(233, 88, 323, 1, 0),
(234, 81, 337, 5, 0),
(235, 81, 395, 3, 0),
(236, 81, 396, 1, 0),
(237, 81, 321, 2, 0),
(238, 89, 222, 5, 0),
(239, 89, 220, 5, 0),
(240, 89, 215, 4, 0),
(241, 89, 219, 10, 0),
(242, 90, 253, 34, 0),
(243, 90, 267, 6, 0),
(244, 90, 264, 5, 0),
(245, 90, 255, 10, 0),
(246, 91, 199, 6, 0),
(247, 91, 201, 10, 0),
(248, 91, 202, 78, 0),
(249, 91, 203, 12, 0),
(251, 92, 204, 20, 0),
(252, 93, 68, 24, 0),
(253, 93, 72, 12, 0),
(254, 93, 43, 12, 0),
(255, 93, 33, 12, 0),
(256, 93, 73, 3, 0),
(257, 93, 92, 3, 0),
(258, 93, 36, 3, 0),
(259, 94, 55, 20, 0),
(260, 94, 86, 6, 0),
(262, 96, 281, 10, 0),
(263, 96, 252, 1, 0),
(264, 96, 248, 1, 0),
(265, 97, 88, 2, 0),
(266, 97, 397, 2, 0),
(267, 98, 260, 6, 0),
(268, 98, 280, 2, 0),
(269, 98, 275, 31, 0),
(270, 99, 6, 15, 0),
(271, 99, 95, 10, 0),
(272, 99, 79, 20, 0),
(273, 99, 80, 30, 0),
(274, 99, 5, 10, 0),
(275, 99, 33, 30, 0),
(276, 99, 46, 20, 0),
(277, 99, 68, 24, 0),
(278, 99, 72, 24, 0),
(279, 99, 37, 6, 0),
(280, 99, 43, 12, 0),
(281, 100, 207, 10, 0),
(282, 100, 208, 120, 0),
(283, 100, 209, 10, 0),
(284, 101, 282, 10, 0),
(285, 102, 63, 24, 0),
(286, 102, 33, 12, 0),
(287, 102, 344, 5, 0),
(288, 102, 345, 3, 0),
(289, 103, 218, 10, 0),
(290, 104, 87, 6, 0),
(291, 104, 73, 5, 0),
(292, 104, 81, 24, 0),
(293, 105, 309, 3, 0),
(294, 105, 308, 3, 0),
(295, 105, 312, 2, 0),
(296, 105, 297, 4, 0),
(297, 106, 202, 78, 0),
(298, 106, 201, 10, 0),
(299, 106, 200, 10, 0),
(300, 106, 204, 20, 0),
(301, 106, 392, 5, 0),
(302, 85, 272, 3, 0),
(303, 79, 282, 5, 0),
(304, 79, 270, 5, 0),
(305, 79, 251, 24, 0),
(306, 79, 253, 15, 0),
(307, 79, 269, 2, 0),
(308, 79, 245, 4, 0),
(309, 86, 289, 20, 0),
(310, 86, 287, 20, 0),
(311, 86, 288, 40, 0),
(312, 86, 303, 3, 0),
(313, 86, 309, 3, 0),
(314, 86, 297, 1, 0),
(315, 86, 394, 1, 0),
(316, 95, 312, 3, 0),
(317, 107, 86, 6, 0),
(318, 108, 281, 10, 0),
(319, 108, 251, 60, 0),
(320, 108, 269, 5, 0),
(321, 108, 270, 5, 0),
(322, 109, 269, 2, 0),
(323, 109, 272, 3, 0),
(324, 109, 270, 5, 0),
(328, 111, 111, 15, 0),
(329, 111, 112, 15, 0),
(330, 110, 400, 10, 0),
(331, 110, 399, 10, 0),
(332, 110, 398, 10, 0),
(333, 112, 79, 20, 0),
(334, 112, 3, 6, 0),
(335, 112, 91, 10, 0),
(336, 112, 401, 3, 0),
(337, 113, 214, 3, 0),
(338, 114, 3, 15, 0),
(339, 114, 2, 15, 0),
(340, 114, 80, 50, 0),
(341, 115, 300, 4, 0),
(342, 115, 291, 3, 0),
(343, 115, 297, 5, 0),
(344, 115, 287, 20, 0),
(345, 115, 386, 10, 0),
(346, 116, 281, 10, 0),
(347, 116, 264, 10, 0),
(348, 116, 260, 6, 0),
(349, 116, 257, 3, 0),
(350, 116, 272, 9, 0),
(351, 116, 402, 24, 0),
(352, 116, 403, 60, 0),
(353, 117, 86, 6, 0),
(354, 117, 6, 15, 0),
(355, 117, 96, 6, 0),
(356, 118, 203, 12, 0),
(357, 119, 64, 6, 0),
(358, 119, 33, 12, 0),
(359, 119, 68, 24, 0),
(360, 119, 43, 12, 0),
(361, 119, 95, 10, 0),
(362, 120, 103, 6, 0),
(363, 120, 104, 6, 0),
(364, 121, 215, 3, 0),
(365, 122, 95, 6, 0),
(366, 122, 1, 6, 0),
(367, 122, 367, 6, 0),
(368, 122, 360, 3, 0),
(369, 123, 306, 3, 0),
(370, 123, 309, 2, 0),
(371, 123, 296, 7, 0),
(372, 123, 387, 10, 0),
(373, 123, 284, 1, 0),
(374, 124, 149, 2, 0),
(375, 124, 153, 2, 0),
(376, 125, 281, 10, 0),
(377, 125, 282, 5, 0),
(378, 125, 249, 5, 0),
(379, 125, 250, 5, 0),
(380, 126, 4, 10, 0),
(381, 126, 5, 15, 0),
(382, 126, 6, 15, 0),
(383, 126, 69, 5, 0),
(384, 126, 245, 2, 0),
(385, 127, 153, 2, 0),
(386, 127, 155, 1, 0),
(387, 128, 337, 10, 0),
(388, 129, 287, 20, 0),
(389, 130, 149, 1, 0),
(390, 131, 67, 40, 0),
(391, 131, 78, 10, 0),
(392, 131, 33, 12, 0),
(393, 131, 404, 3, 0),
(394, 132, 267, 6, 0),
(395, 132, 270, 5, 0),
(396, 132, 253, 34, 0),
(397, 132, 260, 12, 0),
(398, 132, 405, 3, 0),
(399, 132, 408, 6, 0),
(400, 132, 282, 10, 0),
(401, 133, 409, 12, 0),
(402, 133, 410, 5, 0),
(403, 133, 411, 1, 0),
(404, 134, 287, 120, 0),
(405, 135, 316, 3, 0),
(406, 135, 315, 3, 0),
(407, 135, 337, 5, 0),
(408, 136, 87, 6, 0),
(409, 136, 63, 12, 0),
(410, 136, 339, 2, 0),
(411, 136, 360, 3, 0),
(412, 137, 202, 78, 0),
(413, 137, 203, 12, 0),
(414, 137, 200, 5, 0),
(415, 137, 392, 5, 0),
(416, 138, 68, 12, 0),
(417, 138, 72, 12, 0),
(418, 139, 288, 20, 0),
(419, 139, 286, 6, 0),
(420, 140, 413, 5, 0),
(421, 140, 414, 5, 0),
(422, 140, 417, 10, 0),
(423, 140, 418, 5, 0),
(424, 140, 426, 10, 0),
(425, 141, 426, 50, 0);

-- --------------------------------------------------------

--
-- Table structure for table `sales`
--

CREATE TABLE `sales` (
  `sale_id` int(11) NOT NULL,
  `cus_id` int(11) NOT NULL,
  `bill_no` varchar(20) NOT NULL,
  `sale_date` date NOT NULL,
  `total` float NOT NULL,
  `discount` float NOT NULL,
  `pay_type` int(11) NOT NULL DEFAULT 7,
  `pay_date` date NOT NULL
) ENGINE=InnoDB DEFAULT CHARSET=utf8mb4;

--
-- Dumping data for table `sales`
--

INSERT INTO `sales` (`sale_id`, `cus_id`, `bill_no`, `sale_date`, `total`, `discount`, `pay_type`, `pay_date`) VALUES
(2830, 1, 'SEHC-21-22/322', '2021-09-16', 230, 0, 2, '2021-09-16'),
(2831, 24, 'SEHC-21-22/323', '2021-09-16', 65, 0, 3, '2021-09-16'),
(2833, 1, 'SEHC-21-22/325', '2021-09-17', 635, 0, 2, '2021-09-17'),
(2834, 23, 'SEHC-21-22/326', '2021-09-17', 150, 0, 3, '2021-09-17'),
(2835, 1, 'SEHC-21-22/327', '2021-09-18', 350, 0, 2, '2021-09-18'),
(2836, 22, 'SEHC-21-22/328', '2021-09-18', 1023, 0, 3, '2021-09-18'),
(2837, 1, 'SEHC-21-22/329', '2021-09-19', 460, 0, 2, '2021-09-19'),
(2838, 1, 'SEHC-21-22/330', '2021-09-19', 150, 0, 2, '2021-09-19'),
(2839, 1, 'SEHC-21-22/331', '2021-09-19', 330, 0, 2, '2021-09-19'),
(2840, 1, 'SEHC-21-22/332', '2021-09-20', 115, 0, 2, '2021-09-20'),
(2841, 1, 'SEHC-21-22/333', '2021-09-20', 160, 0, 2, '2021-09-20'),
(2842, 1, 'SEHC-21-22/334', '2021-09-21', 220, 0, 2, '2021-09-21'),
(2844, 1, 'SEHC-21-22/336', '2021-09-21', 210, 0, 2, '2021-09-21'),
(2845, 1, 'SEHC-21-22/337', '2021-09-23', 340, 0, 2, '2021-09-23'),
(2846, 1, 'SEHC-21-22/338', '2021-09-23', 235, 0, 2, '2021-09-23'),
(2847, 1, 'SEHC-21-22/339', '2021-09-23', 230, 0, 2, '2021-09-23'),
(2848, 1, 'SEHC-21-22/340', '2021-09-24', 160, 0, 2, '2021-09-24'),
(2849, 1, 'SEHC-21-22/341', '2021-09-24', 700, 0, 2, '2021-09-24'),
(2850, 21, 'SEHC-21-22/342', '2021-09-24', 937, 0, 3, '2021-09-24'),
(2851, 1, 'SEHC-21-22/343', '2021-09-25', 180, 0, 2, '2021-09-25'),
(2853, 20, 'SEHC-21-22/345', '2021-09-26', 220, 0, 3, '2021-09-26'),
(2854, 1, 'SEHC-21-22/346', '2021-09-26', 300, 0, 2, '2021-09-26'),
(2856, 19, 'SEHC-21-22/348', '2021-09-26', 440, 0, 3, '2021-09-26'),
(2857, 1, 'SEHC-21-22/349', '2021-09-27', 135, 0, 2, '2021-09-27'),
(2858, 18, 'SEHC-21-22/350', '2021-09-27', 760, 0, 3, '2021-09-27'),
(2859, 1, 'SEHC-21-22/351', '2021-09-27', 155, 0, 2, '2021-09-27'),
(2860, 1, 'SEHC-21-22/352', '2021-09-28', 125, 0, 2, '2021-09-28'),
(2861, 17, 'SEHC-21-22/353', '2021-09-28', 130, 0, 3, '2021-09-28'),
(2862, 16, 'SEHC-21-22/354', '2021-09-30', 431, 0, 3, '2021-09-30'),
(2863, 15, 'SEHC-21-22/355', '2021-09-30', 550, 0, 3, '2021-09-30'),
(2864, 1, 'SEHC-21-22/356', '2021-09-30', 650, 0, 2, '2021-09-30'),
(2865, 14, 'SEHC-21-22/357', '2021-10-01', 470, 0, 3, '2021-10-01'),
(2867, 13, 'SEHC-21-22/359', '2021-10-02', 30, 0, 3, '2021-10-02'),
(2869, 12, 'SEHC-21-22/361', '2021-10-03', 20, 0, 3, '2021-10-03'),
(2870, 1, 'SEHC-21-22/362', '2021-10-03', 120, 0, 2, '2021-10-03'),
(2871, 1, 'SEHC-21-22/363', '2021-10-03', 50, 0, 2, '2021-10-03'),
(2874, 25, 'SEHC-21-22/366', '2021-10-05', 45, 0, 3, '2021-10-05'),
(2878, 1, 'SEHC-21-22/370', '2021-10-08', 400, 0, 2, '2021-10-08'),
(2879, 1, 'SEHC-21-22/371', '2021-10-08', 240, 0, 2, '2021-10-08'),
(2881, 26, 'SEHC-21-22/373', '2021-10-09', 45, 0, 3, '2021-10-09'),
(2882, 1, 'SEHC-21-22/374', '2021-10-09', 95, 0, 2, '2021-10-09'),
(2887, 1, 'SEHC-21-22/379', '2021-10-12', 110, 0, 2, '2021-10-12'),
(2893, 11, 'SEHC-21-22/385', '2021-10-16', 275, 0, 3, '2021-10-16'),
(2894, 9, 'SEHC-21-22/386', '2021-10-16', 90, 0, 3, '2021-10-16'),
(2900, 97, 'SEHC-21-22/392', '2021-10-18', 40, 0, 3, '2021-10-18'),
(2901, 1, 'SEHC-21-22/393', '2021-10-18', 330, 0, 2, '2021-10-18'),
(2902, 1, 'SEHC-21-22/394', '2021-10-19', 120, 0, 2, '2021-10-19'),
(2904, 96, 'SEHC-21-22/396', '2021-10-21', 800, 0, 3, '2021-10-21'),
(2905, 95, 'SEHC-21-22/397', '2021-10-21', 10, 0, 3, '2021-10-21'),
(2908, 94, 'SEHC-21-22/400', '2021-10-23', 420, 0, 3, '2021-10-23'),
(2909, 93, 'SEHC-21-22/401', '2021-10-23', 130, 0, 3, '2021-10-23'),
(2910, 92, 'SEHC-21-22/402', '2021-10-23', 20, 0, 3, '2021-10-23'),
(2911, 91, 'SEHC-21-22/403', '2021-10-23', 45, 0, 3, '2021-10-23'),
(2912, 90, 'SEHC-21-22/404', '2021-10-23', 200, 0, 3, '2021-10-23'),
(2913, 1, 'SEHC-21-22/405', '2021-10-24', 150, 0, 2, '2021-10-24'),
(2914, 89, 'SEHC-21-22/406', '2021-10-24', 385, 0, 3, '2021-10-24'),
(2917, 88, 'SEHC-21-22/409', '2021-10-27', 80, 0, 3, '2021-10-27'),
(2919, 87, 'SEHC-21-22/411', '2021-10-28', 83, 0, 3, '2021-10-28'),
(2920, 86, 'SEHC-21-22/412', '2021-10-28', 135, 0, 3, '2021-10-28'),
(2921, 1, 'SEHC-21-22/413', '2021-10-29', 350, 0, 2, '2021-10-29'),
(2923, 85, 'SEHC-21-22/415', '2021-10-30', 40, 0, 3, '2021-10-30'),
(2924, 84, 'SEHC-21-22/416', '2021-10-30', 440, 0, 3, '2021-10-30'),
(2925, 83, 'SEHC-21-22/417', '2021-10-31', 35, 0, 3, '2021-10-31'),
(2926, 82, 'SEHC-21-22/418', '2021-10-31', 275, 0, 3, '2021-10-31'),
(2927, 71, 'SEHC-21-22/419', '2021-10-31', 745, 0, 3, '2021-10-31'),
(2928, 80, 'SEHC-21-22/420', '2021-10-31', 500, 0, 3, '2021-10-31'),
(2929, 79, 'SEHC-21-22/421', '2021-10-31', 740, 0, 3, '2021-10-31'),
(2930, 78, 'SEHC-21-22/422', '2021-10-31', 110, 0, 3, '2021-10-31'),
(2931, 77, 'SEHC-21-22/423', '2021-11-01', 120, 0, 3, '2021-11-01'),
(2932, 76, 'SEHC-21-22/424', '2021-11-01', 145, 0, 3, '2021-11-01'),
(2933, 75, 'SEHC-21-22/425', '2021-11-01', 30, 0, 3, '2021-11-01'),
(2934, 74, 'SEHC-21-22/426', '2021-11-01', 240, 0, 3, '2021-11-01'),
(2935, 73, 'SEHC-21-22/427', '2021-11-01', 43, 0, 3, '2021-11-01'),
(2936, 72, 'SEHC-21-22/428', '2021-11-01', 115, 0, 3, '2021-11-01'),
(2937, 71, 'SEHC-21-22/429', '2021-11-02', 240, 0, 3, '2021-11-02'),
(2938, 70, 'SEHC-21-22/430', '2021-11-02', 125, 0, 3, '2021-11-02'),
(2939, 69, 'SEHC-21-22/431', '2021-11-02', 232, 0, 3, '2021-11-02'),
(2940, 68, 'SEHC-21-22/432', '2021-11-02', 50, 0, 3, '2021-11-02'),
(2941, 67, 'SEHC-21-22/433', '2021-11-02', 430, 0, 3, '2021-11-02'),
(2942, 66, 'SEHC-21-22/434', '2021-11-02', 510, 0, 3, '2021-11-02'),
(2943, 65, 'SEHC-21-22/435', '2021-11-02', 1140, 0, 3, '2021-11-02'),
(2944, 64, 'SEHC-21-22/436', '2021-11-02', 435, 0, 3, '2021-11-02'),
(2945, 63, 'SEHC-21-22/437', '2021-11-02', 80, 0, 3, '2021-11-02'),
(2946, 62, 'SEHC-21-22/438', '2021-11-02', 65, 0, 3, '2021-11-02'),
(2947, 61, 'SEHC-21-22/439', '2021-11-02', 70, 0, 3, '2021-11-02'),
(2948, 60, 'SEHC-21-22/440', '2021-11-03', 250, 0, 3, '2021-11-03'),
(2949, 59, 'SEHC-21-22/441', '2021-11-03', 629, 0, 3, '2021-11-03'),
(2950, 58, 'SEHC-21-22/442', '2021-11-04', 240, 0, 3, '2021-11-04'),
(2951, 57, 'SEHC-21-22/443', '2021-11-04', 535, 0, 3, '2021-11-04'),
(2953, 56, 'SEHC-21-22/445', '2021-11-04', 120, 0, 3, '2021-11-04'),
(2954, 1, 'SEHC-21-22/446', '2021-11-05', 350, 0, 2, '2021-11-05'),
(2959, 55, 'SEHC-21-22/452', '2021-11-08', 1350, 0, 3, '2021-11-08'),
(2963, 54, 'SEHC-21-22/456', '2021-11-10', 30, 0, 3, '2021-11-10'),
(2964, 1, 'SEHC-21-22/457', '2021-11-11', 200, 0, 2, '2021-11-11'),
(2965, 1, 'SEHC-21-22/458', '2021-11-11', 1350, 0, 2, '2021-11-11'),
(2966, 1, 'SEHC-21-22/459', '2021-11-11', 340, 0, 2, '2021-11-11'),
(2967, 1, 'SEHC-21-22/460', '2021-11-11', 490, 0, 2, '2021-11-11'),
(2968, 1, 'SEHC-21-22/461', '2021-11-11', 420, 0, 2, '2021-11-11'),
(2973, 1, 'SEHC-21-22/466', '2021-11-14', 120, 0, 2, '2021-11-14'),
(2977, 1, 'SEHC-21-22/470', '2021-11-15', 145, 0, 2, '2021-11-15'),
(2978, 1, 'SEHC-21-22/471', '2021-11-15', 74, 0, 2, '2021-11-15'),
(2979, 1, 'SEHC-21-22/472', '2021-11-15', 115, 0, 2, '2021-11-15'),
(2982, 53, 'SEHC-21-22/451', '2021-11-16', 420, 0, 3, '2021-11-16'),
(2983, 52, 'SEHC-21-22/475', '2021-11-18', 96, 0, 3, '2021-11-18'),
(2984, 1, 'SEHC-21-22/476', '2021-11-18', 120, 0, 2, '2021-11-18'),
(2987, 51, 'SEHC-21-22/479', '2021-11-20', 95, 0, 3, '2021-11-20'),
(2988, 50, 'SEHC-21-22/480', '2021-11-20', 20, 0, 3, '2021-11-20'),
(2989, 49, 'SEHC-21-22/481', '2021-11-20', 57, 0, 3, '2021-11-20'),
(2990, 1, 'SEHC-21-22/482', '2021-11-21', 60, 0, 2, '2021-11-21'),
(2991, 1, 'SEHC-21-22/483', '2021-11-21', 1350, 0, 2, '2021-11-21'),
(3002, 48, 'SEHC-21-22/494', '2021-11-28', 100, 0, 3, '2021-11-28'),
(3003, 8, 'SEHC-21-22/495', '2021-11-28', 350, 0, 3, '2021-11-28'),
(3004, 1, 'SEHC-21-22/496', '2021-11-28', 1465, 0, 2, '2021-11-28'),
(3008, 47, 'SEHC-21-22/500', '2021-11-30', 130, 0, 3, '2021-11-30'),
(3017, 1, 'SEHC-21-22/509', '2021-12-05', 120, 0, 2, '2021-12-05'),
(3018, 1, 'SEHC-21-22/510', '2021-12-05', 700, 0, 2, '2021-12-05'),
(3021, 1, 'SEHC-21-22/513', '2021-12-07', 300, 0, 2, '2021-12-07'),
(3022, 1, 'SEHC-21-22/514', '2021-12-07', 250, 0, 2, '2021-12-07'),
(3029, 46, 'SEHC-21-22/521', '2021-12-11', 20, 0, 3, '2021-12-11'),
(3030, 45, 'SEHC-21-22/522', '2021-12-11', 45, 0, 3, '2021-12-11'),
(3031, 44, 'SEHC-21-22/523', '2021-12-12', 230, 0, 3, '2021-12-12'),
(3032, 42, 'SEHC-21-22/524', '2021-12-12', 150, 0, 3, '2021-12-12'),
(3033, 1, 'SEHC-21-22/525', '2021-12-12', 140, 0, 2, '2021-12-12'),
(3034, 42, 'SEHC-21-22/526', '2021-12-12', 60, 0, 3, '2021-12-12'),
(3035, 41, 'SEHC-21-22/527', '2021-12-13', 159, 0, 3, '2021-12-13'),
(3036, 1, 'SEHC-21-22/528', '2021-12-13', 120, 0, 2, '2021-12-13'),
(3037, 1, 'SEHC-21-22/529', '2021-12-13', 680, 0, 2, '2021-12-13'),
(3038, 40, 'SEHC-21-22/530', '2021-12-13', 815, 0, 3, '2021-12-13'),
(3039, 39, 'SEHC-21-22/531', '2021-12-13', 1950, 0, 3, '2021-12-13'),
(3040, 38, 'SEHC-21-22/532', '2021-12-13', 15, 0, 3, '2021-12-13'),
(3041, 37, 'SEHC-21-22/533', '2021-12-14', 150, 0, 3, '2021-12-14'),
(3042, 1, 'SEHC-21-22/534', '2021-12-14', 265, 0, 2, '2021-12-14'),
(3043, 1, 'SEHC-21-22/535', '2021-12-16', 50, 0, 2, '2021-12-16'),
(3044, 36, 'SEHC-21-22/536', '2021-12-16', 125, 0, 3, '2021-12-16'),
(3045, 35, 'SEHC-21-22/537', '2021-12-17', 240, 0, 3, '2021-12-17'),
(3046, 1, 'SEHC-21-22/538', '2021-12-17', 265, 0, 2, '2021-12-17'),
(3047, 34, 'SEHC-21-22/539', '2021-12-18', 350, 0, 3, '2021-12-18'),
(3051, 7, 'SEHC-21-22/543', '2021-12-20', 265, 0, 3, '2021-12-20'),
(3052, 1, 'SEHC-21-22/544', '2021-12-20', 70, 0, 2, '2021-12-20'),
(3053, 33, 'SEHC-21-22/545', '2021-12-20', 120, 0, 3, '2021-12-20'),
(3057, 32, 'SEHC-21-22/549', '2021-12-23', 100, 0, 3, '2021-12-23'),
(3058, 1, 'SEHC-21-22/550', '2021-12-23', 320, 0, 2, '2021-12-23'),
(3062, 5, 'SEHC-21-22/554', '2021-12-25', 1040, 0, 3, '2021-12-25'),
(3064, 1, 'SEHC-21-22/556', '2021-12-26', 400, 0, 2, '2021-12-26'),
(3065, 1, 'SEHC-21-22/557', '2021-12-26', 125, 0, 2, '2021-12-26'),
(3066, 4, 'SEHC-21-22/558', '2021-12-26', 30, 0, 3, '2021-12-26'),
(3067, 1, 'SEHC-21-22/559', '2021-12-27', 350, 0, 2, '2021-12-27'),
(3068, 3, 'SEHC-21-22/560', '2021-12-27', 490, 0, 3, '2021-12-27'),
(3073, 2, 'SEHC-21-22/565', '2021-12-31', 190, 0, 3, '2021-12-31'),
(3074, 1, 'SEHC-21-22/566', '2021-12-31', 140, 0, 2, '2021-12-31');

-- --------------------------------------------------------

--
-- Table structure for table `sales_product`
--

CREATE TABLE `sales_product` (
  `sale_prd_id` int(11) NOT NULL,
  `sale_id` int(11) NOT NULL,
  `prd_id` int(11) NOT NULL,
  `qnt` int(11) NOT NULL,
  `sell_price` float NOT NULL
) ENGINE=InnoDB DEFAULT CHARSET=utf8mb4;

--
-- Dumping data for table `sales_product`
--

INSERT INTO `sales_product` (`sale_prd_id`, `sale_id`, `prd_id`, `qnt`, `sell_price`) VALUES
(1, 3074, 360, 1, 140),
(2, 3073, 272, 1, 160),
(3, 3073, 250, 1, 30),
(4, 3065, 72, 1, 125),
(5, 3064, 69, 2, 140),
(6, 3064, 68, 1, 120),
(7, 3058, 68, 1, 115),
(8, 3058, 43, 1, 100),
(9, 3058, 63, 1, 105),
(10, 3052, 33, 1, 50),
(11, 3052, 80, 1, 20),
(12, 3051, 303, 1, 265),
(13, 3043, 33, 1, 50),
(14, 3037, 18, 1, 680),
(15, 3036, 72, 1, 120),
(16, 3033, 360, 1, 140),
(17, 3022, 72, 2, 125),
(18, 3021, 43, 2, 100),
(19, 3021, 63, 1, 100),
(20, 3018, 337, 2, 350),
(21, 3017, 68, 1, 120),
(26, 3003, 337, 1, 350),
(27, 2990, 255, 1, 60),
(28, 2991, 153, 1, 1350),
(29, 2984, 72, 1, 120),
(30, 2979, 68, 1, 115),
(31, 2978, 6, 2, 17),
(32, 2978, 80, 2, 20),
(33, 2977, 71, 1, 125),
(34, 2977, 80, 1, 20),
(35, 2973, 71, 1, 120),
(36, 2968, 272, 2, 160),
(37, 2968, 281, 2, 50),
(38, 2967, 297, 2, 80),
(39, 2967, 290, 4, 30),
(40, 2967, 288, 4, 15),
(41, 2967, 306, 1, 150),
(42, 2966, 64, 1, 100),
(43, 2966, 68, 1, 115),
(44, 2966, 72, 1, 125),
(45, 2965, 153, 1, 1350),
(46, 2964, 33, 4, 50),
(47, 2913, 33, 1, 50),
(48, 2913, 63, 1, 100),
(49, 2902, 72, 1, 120),
(50, 2901, 86, 1, 330),
(51, 2894, 296, 1, 90),
(53, 2893, 46, 1, 275),
(54, 2887, 68, 1, 110),
(55, 2882, 80, 2, 20),
(56, 2882, 55, 1, 55),
(57, 2879, 72, 2, 120),
(58, 2878, 79, 20, 20),
(59, 2871, 281, 1, 50),
(60, 2870, 33, 2, 60),
(61, 2869, 79, 1, 20),
(62, 2864, 328, 1, 650),
(63, 2867, 5, 2, 15),
(64, 2865, 63, 2, 100),
(65, 2865, 72, 2, 120),
(66, 2865, 5, 2, 15),
(67, 2863, 46, 2, 265),
(68, 2863, 95, 1, 20),
(69, 2862, 46, 1, 265),
(70, 2862, 6, 3, 17),
(71, 2862, 68, 1, 115),
(72, 2861, 340, 2, 25),
(73, 2861, 208, 1, 80),
(74, 2860, 72, 1, 125),
(75, 2859, 428, 1, 120),
(76, 2859, 201, 1, 35),
(77, 2858, 87, 2, 380),
(78, 2857, 68, 1, 115),
(79, 2857, 79, 1, 20),
(80, 2856, 35, 2, 220),
(81, 2854, 38, 1, 300),
(82, 2853, 35, 1, 220),
(83, 2851, 80, 4, 20),
(84, 2851, 79, 5, 20),
(85, 2850, 61, 1, 730),
(86, 2850, 6, 1, 17),
(87, 2850, 90, 1, 190),
(88, 2849, 337, 2, 350),
(89, 2848, 2, 5, 18),
(90, 2848, 264, 2, 35),
(91, 2847, 68, 1, 110),
(92, 2847, 33, 2, 60),
(93, 2846, 291, 1, 115),
(94, 2846, 290, 3, 30),
(95, 2846, 287, 2, 15),
(96, 2845, 87, 1, 300),
(97, 2845, 80, 2, 20),
(98, 2844, 248, 1, 210),
(99, 2842, 35, 1, 220),
(100, 2841, 208, 2, 80),
(101, 2840, 68, 1, 110),
(102, 2840, 202, 1, 5),
(103, 2839, 63, 1, 100),
(104, 2839, 68, 1, 110),
(105, 2839, 72, 1, 120),
(106, 2838, 212, 1, 150),
(107, 2837, 309, 1, 200),
(108, 2837, 297, 1, 80),
(109, 2837, 296, 1, 90),
(110, 2837, 287, 6, 15),
(111, 2836, 46, 3, 265),
(112, 2836, 2, 3, 16),
(113, 2836, 90, 1, 180),
(114, 2835, 72, 2, 120),
(115, 2835, 68, 1, 110),
(116, 2834, 340, 6, 25),
(117, 2833, 201, 3, 35),
(118, 2833, 85, 1, 210),
(119, 2833, 37, 1, 280),
(120, 2833, 80, 2, 20),
(121, 2831, 251, 3, 10),
(122, 2831, 264, 1, 35),
(123, 2830, 260, 1, 110),
(124, 2830, 282, 2, 60),
(125, 2874, 287, 3, 15),
(126, 2881, 288, 3, 15),
(127, 3068, 95, 2, 20),
(128, 3068, 73, 1, 450),
(129, 3066, 81, 2, 15),
(130, 3067, 337, 1, 350),
(131, 3062, 316, 1, 1040),
(132, 3057, 43, 1, 100),
(133, 3053, 72, 1, 120),
(134, 3047, 72, 2, 120),
(135, 3047, 68, 1, 110),
(136, 3046, 46, 1, 265),
(137, 3045, 282, 1, 70),
(138, 3045, 283, 1, 170),
(139, 3044, 68, 1, 110),
(140, 3044, 81, 1, 15),
(141, 3042, 46, 1, 265),
(142, 3041, 411, 1, 150),
(143, 3040, 4, 1, 15),
(144, 3039, 149, 1, 1900),
(145, 3039, 33, 1, 50),
(146, 3038, 321, 1, 815),
(147, 3035, 202, 2, 5),
(148, 3035, 6, 3, 17),
(149, 3035, 399, 1, 98),
(150, 3034, 255, 1, 60),
(151, 3032, 300, 1, 110),
(152, 3032, 387, 2, 20),
(153, 3031, 215, 1, 230),
(154, 3030, 201, 1, 35),
(155, 3030, 202, 2, 5),
(156, 3029, 1, 1, 20),
(157, 3008, 260, 1, 130),
(158, 3002, 63, 1, 100),
(159, 2989, 96, 2, 20),
(160, 2989, 5, 1, 17),
(161, 2988, 253, 1, 20),
(162, 2987, 79, 4, 20),
(163, 2987, 81, 1, 15),
(164, 2983, 400, 1, 63),
(165, 2983, 3, 1, 33),
(166, 2982, 209, 1, 420),
(167, 2963, 250, 1, 30),
(168, 2959, 153, 1, 1350),
(169, 2954, 337, 1, 350),
(170, 2953, 72, 1, 120),
(171, 2951, 201, 1, 35),
(172, 2951, 280, 1, 200),
(173, 2951, 214, 1, 290),
(174, 2951, 275, 2, 5),
(175, 2950, 208, 3, 80),
(176, 2949, 269, 2, 220),
(177, 2949, 402, 6, 24),
(178, 2949, 4, 3, 15),
(179, 2948, 215, 1, 220),
(180, 2948, 287, 2, 15),
(181, 2947, 282, 1, 70),
(182, 2946, 255, 1, 60),
(183, 2946, 275, 1, 5),
(184, 2945, 111, 1, 80),
(185, 2944, 88, 1, 435),
(186, 2943, 315, 1, 1140),
(187, 2942, 209, 1, 420),
(188, 2942, 208, 1, 90),
(189, 2941, 308, 1, 230),
(190, 2941, 309, 1, 200),
(191, 2940, 281, 1, 50),
(192, 2939, 398, 1, 92),
(193, 2939, 112, 1, 120),
(194, 2939, 275, 4, 5),
(195, 2938, 72, 1, 125),
(196, 2937, 308, 1, 230),
(197, 2937, 251, 1, 10),
(198, 2936, 68, 1, 115),
(199, 2935, 3, 1, 33),
(200, 2935, 251, 1, 10),
(201, 2934, 309, 1, 200),
(202, 2934, 386, 2, 20),
(203, 2933, 270, 1, 30),
(204, 2932, 71, 1, 145),
(205, 2931, 72, 1, 120),
(206, 2930, 68, 1, 110),
(207, 2929, 209, 1, 420),
(208, 2929, 208, 4, 80),
(209, 2928, 46, 2, 250),
(210, 2927, 344, 1, 245),
(211, 2927, 312, 1, 350),
(212, 2927, 212, 1, 150),
(213, 2926, 86, 1, 275),
(214, 2925, 264, 1, 35),
(215, 2924, 35, 2, 220),
(216, 2923, 55, 1, 40),
(217, 2921, 337, 1, 350),
(218, 2920, 112, 1, 120),
(219, 2920, 287, 1, 15),
(220, 2919, 33, 1, 50),
(221, 2919, 3, 1, 33),
(222, 2917, 208, 1, 80),
(223, 2914, 312, 1, 350),
(224, 2914, 287, 2, 15),
(225, 2914, 202, 1, 5),
(226, 2912, 309, 1, 200),
(227, 2911, 80, 2, 20),
(228, 2911, 202, 1, 5),
(229, 2910, 80, 1, 20),
(230, 2909, 112, 1, 120),
(231, 2909, 203, 1, 10),
(232, 2908, 209, 1, 420),
(233, 2905, 203, 1, 10),
(234, 2904, 312, 1, 350),
(235, 2904, 303, 1, 265),
(236, 2904, 245, 1, 185),
(237, 2900, 80, 2, 20),
(253, 3004, 88, 1, 465),
(254, 3004, 87, 1, 380),
(255, 3004, 85, 2, 210),
(256, 3004, 63, 2, 100);

-- --------------------------------------------------------

--
-- Table structure for table `shop_info`
--

CREATE TABLE `shop_info` (
  `s_key` varchar(30) NOT NULL,
  `value` varchar(200) NOT NULL
) ENGINE=InnoDB DEFAULT CHARSET=utf8mb4;

--
-- Dumping data for table `shop_info`
--

INSERT INTO `shop_info` (`s_key`, `value`) VALUES
('shop_address', 'S/5, Motimahal C.H.S Ltd. , G.Gupte Road , Opp. Telephone Exchange , Dombivili (W)-421202.'),
('shop_bill_terms', '1)subject to kalyan jurisdiction<br> 2)cheque bounce charges Rs.500/only.<br> 3)Transport & other charges extra as applicable.<br>'),
('shop_email', 'sehc1976@gmail.com'),
('shop_gstin', '27AATPJ1430G1ZR'),
('shop_name', 'SARVODAYA ELECTRIC AND HARDWARE CENTRE'),
('shop_telephone', '98202258975/9969449935');

-- --------------------------------------------------------

--
-- Table structure for table `suppliers`
--

CREATE TABLE `suppliers` (
  `supp_id` int(11) NOT NULL,
  `supp_name` varchar(50) NOT NULL,
  `gstno` varchar(25) NOT NULL,
  `date_added` date NOT NULL DEFAULT current_timestamp(),
  `supp_active` int(11) NOT NULL DEFAULT 1
) ENGINE=InnoDB DEFAULT CHARSET=utf8mb4;

--
-- Dumping data for table `suppliers`
--

INSERT INTO `suppliers` (`supp_id`, `supp_name`, `gstno`, `date_added`, `supp_active`) VALUES
(1, 'Aaijee Enterprises', '27AETPC8819E1Z7', '2021-01-17', 1),
(2, 'Abhinandan Agencies', '27ABEFA0382Q1Z4', '2021-01-17', 1),
(3, 'Anand Agencies', '27AAJFA5783D1ZD', '2021-01-17', 1),
(4, 'Anant Corporation', '27AASPP8967D1ZW', '2021-01-17', 1),
(5, 'Anupam Hardware', '27BNZPS0566C1ZH', '2021-01-17', 1),
(6, 'Archana Traders', '27AACFA1737E1ZW', '2021-01-17', 1),
(7, 'Arihant Trading Company', '27AATFA1025C1ZU', '2021-01-17', 1),
(8, 'Ayush Enterprises', '27AGMPK2675F1ZL', '2021-01-17', 1),
(9, 'Bipin Corporation', '27BKOPS2538G1ZQ', '2021-01-17', 1),
(10, 'Chandrashali Traders', '27ASZPA4161H1ZH', '2021-01-17', 1),
(11, 'Dhwani Sales', '27AJVPG2037K1ZV', '2021-01-17', 1),
(12, 'Divy Enterprises', '27AAIFD3520C1ZY', '2021-01-17', 1),
(13, 'Evergreen Sales Corporation', '27AAGPS0551A1Z3', '2021-01-17', 1),
(14, 'Ghanshyam Bearing Stores', '27AABPS6619Q1ZY', '2021-01-17', 1),
(15, 'Gracil Enterprises', '27ARVPS7707C1Z9', '2021-01-17', 1),
(16, 'HariKrishna Ceramics', '27AFAPD0608Q1ZJ', '2021-01-17', 1),
(17, 'Hemistra Marketing', '27AMBPP8921E1Z0', '2021-01-17', 1),
(18, 'Hitesh Traders', '27AAOPC0667P1Z7', '2021-01-17', 1),
(19, 'Impression Enterpises', '27AABFI3761K1Z8', '2021-01-17', 1),
(20, 'Jai Traders', '27AHTPB7998Q1ZZ', '2021-01-17', 1),
(21, 'M.M. Electric Machinery & Tools', '27AMMPM6091P1Z4', '2021-01-17', 1),
(22, 'Mesh Bazaar LLP', '27ABEFM6547R1ZF', '2021-01-17', 1),
(23, 'MST Ceramic World', '27AABFM8508N1ZV', '2021-01-17', 1),
(24, 'MYK Schomburg India Pvt. Ltd.', '27AAECM7286P1ZL', '2021-01-17', 1),
(25, 'Neer Enterprise', '27AOXPB7799E1Z6', '2021-01-17', 1),
(26, 'Patwa  & Co', '27AAKFP1147K1Z0', '2021-01-17', 1),
(27, 'Perfect Distributor Services', '27AAFPS8893J1ZS', '2021-01-17', 1),
(28, 'R N Enterprises', '27CISPS9604Q1ZZ', '2021-01-17', 1),
(29, 'Ramesh Enterprises', '27AABPVV8190L1Z', '2021-01-17', 1),
(30, 'Ramesh Hardware', '27AQGPM8430N1ZB', '2021-01-17', 1),
(31, 'S R Trading', '27ATKPS0625A1ZX', '2021-01-17', 1),
(32, 'S.D Rangwala', '27AAYFS3539E1ZO', '2021-01-17', 1),
(33, 'Sanjay Telelinks', '27ANKPP5879P1ZU', '2021-01-17', 1),
(34, 'Satron', '27AAFHS9196A1ZU', '2021-01-17', 1),
(35, 'Shakti Enterprises', '27AALFS2236H1Z3', '2021-01-17', 1),
(36, 'Shree Sai Enterprises', '27AJMPD0967A1ZH', '2021-01-17', 1),
(37, 'Shree Samarth Enterprises', '27AHYPJ9896N1ZR', '2021-01-17', 1),
(38, 'Vishal Agency', '27AEKPM0426J3ZE', '2021-01-17', 1),
(39, 'Welmade Locking Systems Pvt. Ltd.', '27AAACW1588J1ZY', '2021-01-17', 1),
(40, 'Yashshree Enterprises', '27ABDPC7722R1ZA', '2021-01-17', 1),
(41, 'Shree Samarth Trading', '27ATTPM9729J1ZO', '2021-01-18', 1),
(46, 'Manoj Enterprises', '27AAXPP1922B1ZM', '2021-07-03', 1),
(47, 'Ganesh Enterprises', '27AABPS6618R1ZX', '2021-10-05', 1),
(49, 'Kuber Marketing', '27AQXPS9792C1ZS', '2022-01-05', 1),
(50, 'S. K. Enterprises', '27EIWPS6843D1ZH', '2022-01-05', 1);

-- --------------------------------------------------------

--
-- Table structure for table `suppliers_payment`
--

CREATE TABLE `suppliers_payment` (
  `payment_id` int(11) NOT NULL,
  `pay_type` int(11) NOT NULL,
  `supp_id` int(11) NOT NULL,
  `amount` int(11) NOT NULL,
  `date` date NOT NULL,
  `chq_no` varchar(50) NOT NULL
) ENGINE=InnoDB DEFAULT CHARSET=utf8mb4;

--
-- Dumping data for table `suppliers_payment`
--

INSERT INTO `suppliers_payment` (`payment_id`, `pay_type`, `supp_id`, `amount`, `date`, `chq_no`) VALUES
(1, 1, 2, 11418, '2021-01-08', '880601'),
(2, 1, 21, 5800, '2021-01-10', '880602'),
(3, 1, 2, 10847, '2021-01-21', '880603'),
(4, 1, 2, 8184, '2021-02-23', '880604'),
(5, 1, 2, 10070, '2021-03-10', '880605'),
(6, 1, 37, 3022, '2021-03-22', '880606'),
(7, 1, 2, 7923, '2021-04-06', '880607'),
(8, 1, 2, 12529, '2021-06-23', '880608'),
(9, 1, 37, 1874, '2021-06-24', '880609'),
(10, 1, 2, 3530, '2021-06-26', '880610'),
(11, 1, 38, 3440, '2021-07-03', '880611'),
(12, 1, 37, 1806, '2021-07-30', '880612'),
(13, 1, 2, 7000, '2021-08-05', '880613'),
(14, 1, 38, 2720, '2021-08-13', '880614'),
(15, 1, 2, 4541, '2021-08-18', '880615'),
(16, 1, 29, 8560, '2021-08-31', '880616'),
(17, 1, 2, 3710, '2021-09-07', '880617'),
(18, 1, 2, 6387, '2021-09-29', '880619'),
(19, 1, 31, 2049, '2021-10-06', '880620'),
(20, 1, 37, 4891, '2021-10-05', '880621'),
(21, 1, 2, 4250, '2021-10-13', '880622'),
(22, 1, 2, 12829, '2021-10-28', '880624'),
(23, 1, 16, 6000, '2021-10-29', '880625'),
(24, 1, 38, 2005, '2021-10-21', '880626'),
(25, 1, 38, 1330, '2021-11-17', '880627'),
(26, 1, 37, 1542, '2021-11-18', '880628'),
(27, 1, 2, 10565, '2021-11-29', '880629'),
(28, 1, 37, 5202, '2021-12-11', '880630'),
(30, 1, 38, 1750, '2021-12-18', '880632'),
(31, 1, 21, 6900, '2021-12-20', '880633'),
(32, 1, 50, 4620, '2022-01-13', '880634'),
(33, 1, 21, 5839, '2022-01-20', '880635'),
(34, 1, 37, 4472, '2022-01-18', '880636'),
(35, 1, 2, 5776, '2022-01-24', '880637'),
(36, 1, 38, 1591, '2022-01-26', '880638'),
(37, 1, 37, 1196, '2020-12-31', '880600'),
(38, 1, 38, 3574, '2020-12-30', '880598'),
(39, 1, 37, 2125, '2020-12-28', '880598'),
(40, 1, 37, 1469, '2020-12-08', '880597'),
(41, 1, 2, 7477, '2020-12-10', '880596'),
(42, 1, 37, 3749, '2020-11-24', '880594'),
(43, 1, 2, 6513, '2020-11-11', '880592'),
(44, 1, 37, 2230, '2020-11-03', '880591'),
(45, 1, 2, 15285, '2020-10-27', '880586'),
(46, 1, 41, 8028, '2020-11-03', '880590'),
(47, 1, 38, 4103, '2020-10-30', '880588'),
(48, 1, 38, 3592, '2020-10-15', '880583'),
(49, 2, 2, 4530, '2021-04-04', 'Cash/4/4/2021/Abhinandan Agencies'),
(50, 1, 2, 5125, '2021-12-14', '880631'),
(51, 5, 39, 34647, '2020-08-20', '023323333993'),
(52, 2, 21, 3500, '2020-11-03', 'Cash/3/11/2020/M.M. Electric Machinery & Tools'),
(53, 2, 46, 1704, '2021-06-22', 'Cash/22/6/2021/Manoj Enterprises'),
(54, 5, 39, 2655, '2021-07-01', 'Gpay-118211008876'),
(55, 6, 39, 4404, '2021-07-01', 'Disc/1/7/2021/Welmade Locking Systems Pvt. Ltd.'),
(56, 2, 38, 246, '2021-07-12', 'Cash/12/7/2021/Vishal Agency'),
(57, 5, 39, 10342, '2021-07-22', '120314238452'),
(58, 6, 39, 158, '2021-07-22', 'Disc/22/7/2021/Welmade Locking Systems Pvt. Ltd.'),
(59, 2, 28, 1225, '2021-08-03', 'Cash/3/8/2021/R N Enterprises'),
(60, 6, 28, 3, '2021-08-03', 'Disc/3/8/2021/R N Enterprises'),
(61, 2, 47, 2207, '2021-09-04', 'Cash/4/9/2021/Ganesh Enterprises'),
(62, 2, 14, 2301, '2021-09-04', 'Cash/4/9/2021/Ghanshyam Bearing Stores'),
(63, 2, 28, 1074, '2021-09-28', 'Cash/28/9/2021/R N Enterprises'),
(64, 2, 28, 102, '2021-10-24', 'Cash/24/10/2021/R N Enterprises'),
(65, 2, 28, 522, '2021-12-25', 'Cash/25/12/2021/R N Enterprises'),
(66, 2, 49, 346, '2021-10-31', 'Cash/31/10/2021/Kuber Marketing'),
(67, 5, 39, 2599, '2021-11-26', '133012598939'),
(68, 5, 39, 7115, '2021-12-18', '135211407623'),
(69, 6, 39, 110, '2021-12-18', 'Disc/18/12/2021/Welmade Locking Systems Pvt. Ltd.'),
(70, 2, 31, 605, '2021-11-28', 'Cash/28/11/2021/S R Trading');

-- --------------------------------------------------------

--
-- Table structure for table `supp_pay_purchase`
--

CREATE TABLE `supp_pay_purchase` (
  `pur_id` int(11) NOT NULL,
  `payment_id` int(11) NOT NULL
) ENGINE=InnoDB DEFAULT CHARSET=utf8mb4;

--
-- Dumping data for table `supp_pay_purchase`
--

INSERT INTO `supp_pay_purchase` (`pur_id`, `payment_id`) VALUES
(28, 1),
(31, 1),
(55, 1),
(17, 2),
(38, 3),
(59, 3),
(41, 4),
(42, 4),
(51, 5),
(48, 5),
(64, 6),
(69, 6),
(57, 7),
(60, 8),
(71, 9),
(72, 9),
(63, 10),
(67, 10),
(84, 11),
(82, 11),
(85, 12),
(79, 12),
(65, 13),
(75, 13),
(86, 14),
(70, 15),
(45, 16),
(83, 17),
(93, 18),
(89, 19),
(80, 20),
(90, 20),
(109, 20),
(96, 20),
(98, 20),
(94, 21),
(97, 21),
(99, 22),
(10, 23),
(43, 23),
(105, 24),
(115, 25),
(108, 26),
(102, 27),
(104, 27),
(112, 27),
(116, 28),
(123, 30),
(129, 30),
(61, 31),
(52, 31),
(140, 32),
(141, 32),
(124, 33),
(125, 34),
(132, 34),
(133, 34),
(119, 35),
(122, 35),
(126, 35),
(47, 37),
(36, 38),
(46, 38),
(58, 38),
(44, 39),
(33, 40),
(37, 40),
(40, 40),
(23, 41),
(21, 41),
(26, 42),
(30, 42),
(5, 43),
(8, 43),
(22, 44),
(3, 45),
(34, 46),
(24, 47),
(29, 47),
(32, 47),
(9, 48),
(74, 49),
(107, 50),
(117, 50),
(114, 50),
(19, 51),
(39, 52),
(77, 53),
(81, 54),
(81, 55),
(87, 56),
(88, 57),
(88, 58),
(91, 59),
(92, 59),
(91, 60),
(110, 61),
(111, 62),
(106, 63),
(118, 64),
(137, 65),
(120, 66),
(128, 67),
(135, 68),
(135, 69),
(113, 70),
(134, 36),
(139, 36);

-- --------------------------------------------------------

--
-- Table structure for table `supp_pre_bal`
--

CREATE TABLE `supp_pre_bal` (
  `id` int(11) NOT NULL,
  `supp_id` int(11) NOT NULL,
  `fy_id` int(11) NOT NULL,
  `amt` int(11) NOT NULL
) ENGINE=InnoDB DEFAULT CHARSET=utf8mb4;

--
-- Dumping data for table `supp_pre_bal`
--

INSERT INTO `supp_pre_bal` (`id`, `supp_id`, `fy_id`, `amt`) VALUES
(1, 2, 11, 24441),
(2, 21, 11, 9132),
(3, 20, 11, 6579),
(4, 29, 11, 17231),
(5, 31, 11, 4088),
(6, 33, 11, 2070),
(7, 35, 11, 2552),
(8, 37, 11, 5151),
(9, 38, 11, 2108),
(10, 28, 11, 502),
(11, 2, 10, 0),
(12, 13, 11, 6354),
(13, 39, 11, 4174),
(14, 41, 11, 0),
(15, 2, 12, 40053),
(16, 16, 12, 3069),
(17, 20, 12, 4250),
(18, 21, 12, 6900),
(19, 29, 12, 8560),
(20, 31, 12, 1210),
(21, 37, 12, 1874);

--
-- Indexes for dumped tables
--

--
-- Indexes for table `customers`
--
ALTER TABLE `customers`
  ADD PRIMARY KEY (`cus_id`),
  ADD UNIQUE KEY `cus_name` (`cus_name`);

--
-- Indexes for table `financialyear`
--
ALTER TABLE `financialyear`
  ADD PRIMARY KEY (`fy_id`);

--
-- Indexes for table `payment_mode`
--
ALTER TABLE `payment_mode`
  ADD PRIMARY KEY (`pay_mode_id`);

--
-- Indexes for table `pre_bal_product`
--
ALTER TABLE `pre_bal_product`
  ADD PRIMARY KEY (`id`),
  ADD KEY `prd_id` (`prd_id`),
  ADD KEY `fy_id` (`fy_id`);

--
-- Indexes for table `products`
--
ALTER TABLE `products`
  ADD PRIMARY KEY (`prd_id`);

--
-- Indexes for table `products_supplier`
--
ALTER TABLE `products_supplier`
  ADD PRIMARY KEY (`id`),
  ADD KEY `prd_id` (`prd_id`),
  ADD KEY `supp_id` (`supp_id`);

--
-- Indexes for table `purchase`
--
ALTER TABLE `purchase`
  ADD PRIMARY KEY (`pur_id`),
  ADD KEY `supp_id` (`supp_id`),
  ADD KEY `pay_mode_id` (`pay_mode_id`);

--
-- Indexes for table `purchase_product`
--
ALTER TABLE `purchase_product`
  ADD PRIMARY KEY (`pur_prd_id`),
  ADD KEY `prd_id` (`prd_id`),
  ADD KEY `pur_id` (`pur_id`);

--
-- Indexes for table `sales`
--
ALTER TABLE `sales`
  ADD PRIMARY KEY (`sale_id`),
  ADD KEY `pay_type` (`pay_type`),
  ADD KEY `cus_id` (`cus_id`);

--
-- Indexes for table `sales_product`
--
ALTER TABLE `sales_product`
  ADD PRIMARY KEY (`sale_prd_id`),
  ADD KEY `sale_id` (`sale_id`),
  ADD KEY `prd_id` (`prd_id`);

--
-- Indexes for table `shop_info`
--
ALTER TABLE `shop_info`
  ADD PRIMARY KEY (`s_key`);

--
-- Indexes for table `suppliers`
--
ALTER TABLE `suppliers`
  ADD PRIMARY KEY (`supp_id`);

--
-- Indexes for table `suppliers_payment`
--
ALTER TABLE `suppliers_payment`
  ADD PRIMARY KEY (`payment_id`);

--
-- Indexes for table `supp_pay_purchase`
--
ALTER TABLE `supp_pay_purchase`
  ADD KEY `payment_id` (`payment_id`),
  ADD KEY `pur_id` (`pur_id`);

--
-- Indexes for table `supp_pre_bal`
--
ALTER TABLE `supp_pre_bal`
  ADD PRIMARY KEY (`id`),
  ADD KEY `fy_id` (`fy_id`),
  ADD KEY `supp_id` (`supp_id`);

--
-- AUTO_INCREMENT for dumped tables
--

--
-- AUTO_INCREMENT for table `customers`
--
ALTER TABLE `customers`
  MODIFY `cus_id` int(11) NOT NULL AUTO_INCREMENT, AUTO_INCREMENT=100;

--
-- AUTO_INCREMENT for table `financialyear`
--
ALTER TABLE `financialyear`
  MODIFY `fy_id` int(11) NOT NULL AUTO_INCREMENT, AUTO_INCREMENT=21;

--
-- AUTO_INCREMENT for table `payment_mode`
--
ALTER TABLE `payment_mode`
  MODIFY `pay_mode_id` int(11) NOT NULL AUTO_INCREMENT, AUTO_INCREMENT=8;

--
-- AUTO_INCREMENT for table `pre_bal_product`
--
ALTER TABLE `pre_bal_product`
  MODIFY `id` int(11) NOT NULL AUTO_INCREMENT, AUTO_INCREMENT=2;

--
-- AUTO_INCREMENT for table `products`
--
ALTER TABLE `products`
  MODIFY `prd_id` int(11) NOT NULL AUTO_INCREMENT, AUTO_INCREMENT=432;

--
-- AUTO_INCREMENT for table `products_supplier`
--
ALTER TABLE `products_supplier`
  MODIFY `id` int(11) NOT NULL AUTO_INCREMENT, AUTO_INCREMENT=437;

--
-- AUTO_INCREMENT for table `purchase`
--
ALTER TABLE `purchase`
  MODIFY `pur_id` int(11) NOT NULL AUTO_INCREMENT, AUTO_INCREMENT=142;

--
-- AUTO_INCREMENT for table `purchase_product`
--
ALTER TABLE `purchase_product`
  MODIFY `pur_prd_id` int(11) NOT NULL AUTO_INCREMENT, AUTO_INCREMENT=426;

--
-- AUTO_INCREMENT for table `sales`
--
ALTER TABLE `sales`
  MODIFY `sale_id` int(11) NOT NULL AUTO_INCREMENT, AUTO_INCREMENT=3076;

--
-- AUTO_INCREMENT for table `sales_product`
--
ALTER TABLE `sales_product`
  MODIFY `sale_prd_id` int(11) NOT NULL AUTO_INCREMENT, AUTO_INCREMENT=257;

--
-- AUTO_INCREMENT for table `suppliers`
--
ALTER TABLE `suppliers`
  MODIFY `supp_id` int(11) NOT NULL AUTO_INCREMENT, AUTO_INCREMENT=51;

--
-- AUTO_INCREMENT for table `suppliers_payment`
--
ALTER TABLE `suppliers_payment`
  MODIFY `payment_id` int(11) NOT NULL AUTO_INCREMENT, AUTO_INCREMENT=71;

--
-- AUTO_INCREMENT for table `supp_pre_bal`
--
ALTER TABLE `supp_pre_bal`
  MODIFY `id` int(11) NOT NULL AUTO_INCREMENT, AUTO_INCREMENT=22;

--
-- Constraints for dumped tables
--

--
-- Constraints for table `pre_bal_product`
--
ALTER TABLE `pre_bal_product`
  ADD CONSTRAINT `pre_bal_product_ibfk_1` FOREIGN KEY (`prd_id`) REFERENCES `products` (`prd_id`),
  ADD CONSTRAINT `pre_bal_product_ibfk_2` FOREIGN KEY (`fy_id`) REFERENCES `financialyear` (`fy_id`);

--
-- Constraints for table `products_supplier`
--
ALTER TABLE `products_supplier`
  ADD CONSTRAINT `products_supplier_ibfk_1` FOREIGN KEY (`prd_id`) REFERENCES `products` (`prd_id`),
  ADD CONSTRAINT `products_supplier_ibfk_2` FOREIGN KEY (`supp_id`) REFERENCES `suppliers` (`supp_id`);

--
-- Constraints for table `purchase`
--
ALTER TABLE `purchase`
  ADD CONSTRAINT `purchase_ibfk_1` FOREIGN KEY (`supp_id`) REFERENCES `suppliers` (`supp_id`),
  ADD CONSTRAINT `purchase_ibfk_2` FOREIGN KEY (`pay_mode_id`) REFERENCES `payment_mode` (`pay_mode_id`);

--
-- Constraints for table `purchase_product`
--
ALTER TABLE `purchase_product`
  ADD CONSTRAINT `purchase_product_ibfk_1` FOREIGN KEY (`prd_id`) REFERENCES `products` (`prd_id`),
  ADD CONSTRAINT `purchase_product_ibfk_2` FOREIGN KEY (`pur_id`) REFERENCES `purchase` (`pur_id`);

--
-- Constraints for table `sales`
--
ALTER TABLE `sales`
  ADD CONSTRAINT `sales_ibfk_1` FOREIGN KEY (`pay_type`) REFERENCES `payment_mode` (`pay_mode_id`),
  ADD CONSTRAINT `sales_ibfk_2` FOREIGN KEY (`cus_id`) REFERENCES `customers` (`cus_id`);

--
-- Constraints for table `sales_product`
--
ALTER TABLE `sales_product`
  ADD CONSTRAINT `sales_product_ibfk_1` FOREIGN KEY (`sale_id`) REFERENCES `sales` (`sale_id`),
  ADD CONSTRAINT `sales_product_ibfk_2` FOREIGN KEY (`prd_id`) REFERENCES `products` (`prd_id`);

--
-- Constraints for table `supp_pay_purchase`
--
ALTER TABLE `supp_pay_purchase`
  ADD CONSTRAINT `supp_pay_purchase_ibfk_1` FOREIGN KEY (`payment_id`) REFERENCES `suppliers_payment` (`payment_id`),
  ADD CONSTRAINT `supp_pay_purchase_ibfk_2` FOREIGN KEY (`pur_id`) REFERENCES `purchase` (`pur_id`);

--
-- Constraints for table `supp_pre_bal`
--
ALTER TABLE `supp_pre_bal`
  ADD CONSTRAINT `supp_pre_bal_ibfk_1` FOREIGN KEY (`fy_id`) REFERENCES `financialyear` (`fy_id`),
  ADD CONSTRAINT `supp_pre_bal_ibfk_2` FOREIGN KEY (`supp_id`) REFERENCES `suppliers` (`supp_id`);
COMMIT;

/*!40101 SET CHARACTER_SET_CLIENT=@OLD_CHARACTER_SET_CLIENT */;
/*!40101 SET CHARACTER_SET_RESULTS=@OLD_CHARACTER_SET_RESULTS */;
/*!40101 SET COLLATION_CONNECTION=@OLD_COLLATION_CONNECTION */;
